feature	Alcaligenaceae	Bacteroidaceae	Bifidobacteriaceae	Burkholderiaceae	Christensenellaceae	Clostridiaceae	Coriobacteriaceae	Desulfovibrionaceae	Enterobacteriaceae	Erysipelotrichaceae	Fusobacteriaceae	Lachnospiraceae	Methanobacteriaceae	Pasteurellaceae	Porphyromonadaceae	Prevotellaceae	Pseudomonadaceae	Rikenellaceae	Ruminococcaceae	S24-7	Synergistaceae	Unclassified Cyanobacteria	Unclassified Firmicutes	Unclassified Proteobacteria	Unclassified Tenericutes	Veillonellaceae	Verrucomicrobiaceae	[Barnesiellaceae]	[Paraprevotellaceae]	[Tissierellaceae]
LLM.2012.11.06	-10.6794800995054	-3.96294640524405	-11.2644426002266	NA	-8.35755200461808	-7.87212517744784	-7.90689059560852	-7.64973275611139	-1.68324201830164	-7.17697975897626	NA	-3.09326580257483	-4.8550516640889	NA	-6.09451759878429	-12.2644426002266	-13.2644426002266	-4.82149910437787	-2.14809863898913	-6.59201725825511	-10.9425145053392	-11.6794800995054	-4.24485187186872	-12.2644426002266	-11.6794800995054	-4.63144740308364	-4.11723767528437	-9.09451759878429	-6.94251450533924	-13.2644426002266
LLM.2013.01.26	-8.34931809291887	-1.8877022270197	-10.6712461878062	NA	-6.98942214783249	-8.50132118636392	-9.08628368708507	-7.50132118636392	-4.83414392235457	-5.48802436375046	-13.2562086885274	-3.08503189087561	-9.93428059364002	NA	-4.04432039398138	NA	-13.2562086885274	-3.67689275094737	-2.03643513763451	-5.52149906830155	-9.79677706989009	-9.16874584727705	-4.63782318626878	-7.44885376646978	-9.25620868852739	-5.80499757669506	-4.97080646966514	-7.70161983684975	-5.48802436375046	-13.2562086885274
LLM.2013.02.08	-8.40308550487182	-2.02385653924437	-13.2610664999994	NA	-7.28378657649948	-7.21667238064094	-9.17360365874905	-6.78533306903299	-2.94478496825317	-6.29528221533731	-8.09114149855708	-3.19094555552257	-9.93913840511203	-11.2610664999994	-4.78128623597029	-13.2610664999994	-13.2610664999994	-4.05405217982186	-1.98261704177891	-6.00367865730674	-11.2610664999994	-11.2610664999994	-4.29239970680418	-9.35417590439087	-9.8016348813621	-6.5886411580279	-5.31855199466015	-7.11131938049471	-7.61721031022467	-8.8016348813621
LLM.2013.02.05	-8.49392955711503	-2.40725271154793	-10.9268889643911	NA	-6.59060557652671	-7.5208966047153	-9.07889205783619	-5.78121150919551	-6.26013237250634	-7.14029260250033	-6.29462074889163	-3.17869611480168	-9.92688896439114	-8.39083606415093	-4.69807027389526	-4.69807027389526	-13.2488170592785	-3.7629877505766	-1.65216139160384	-7.20442293992005	-9.66385455855735	NA	-4.7489711721953	-9.07889205783619	-10.9268889643911	-5.60496086950378	-3.88687328554326	-7.41592704511376	-6.9450363111014	-7.29462074889163
LLM.2013.03.24	-7.84432258574541	-2.16402440000263	-9.57014762230642	NA	-10.2705873404475	-7.94865924556015	-11.2705873404475	-7.98518512158526	-2.40253648670235	-8.87826991766875	-10.2705873404475	-2.70929939528268	-9.94865924556015	-11.6856248397264	-4.93519698575359	-4.62312891399259	-13.2705873404475	-5.33394940144494	-2.26145855090825	-7.31639103006064	-13.2705873404475	-9.94865924556015	-4.56668376700285	-9.27058734044751	-8.14130432350255	-6.23716433891006	-7.6558774963323	-9.81115572181021	-4.85695941142334	-11.2705873404475
LLM.2013.04.07	-7.09495737779726	-2.27761836716704	-10.9429542843522	NA	-10.9429542843522	-7.45752745718197	-10.0949573777973	-7.26488237923958	-3.16685029627905	-7.94295428435221	-6.06521003440321	-2.96110163106247	-9.94295428435221	-6.57838185205636	-4.84281761306676	-3.18007399143521	-11.6799198785184	-4.98411160910897	-2.19342001668295	-7.67991987851842	-12.2648823792396	-10.6799198785184	-5.01221694678933	-7.406901384112	-9.26488237923958	-5.26488237923958	-7.65017253512437	-9.67991987851842	-5.34601914196498	-7.53696192467638
LLM.2013.04.29	-7.680066441737	-2.1942371330351	-9.9431008475708	NA	-10.2650289424582	-7.8727115196794	-9.680066441737	-7.22063482309971	-2.9784711808502	-6.90747693784008	-9.680066441737	-2.48530958731476	-9.9431008475708	-11.680066441737	-5.2151803930076	-4.50015735172207	NA	-5.01710142901457	-2.08325550364935	-7.59260360048666	-13.2650289424582	NA	-4.66140259747197	-10.680066441737	-11.680066441737	-5.77317584612849	-7.77317584612848	-8.35813834684964	-4.78524867842906	-11.2650289424582
LLM.2013.07.14	-8.41916108190612	-2.59327020841109	-9.5767023588926	NA	-9.37025148142518	-8.69217957631254	-9.10721707559138	-7.44425206286895	-2.67444321201573	-6.5492216224705	-10.9552139821463	-2.47624217711339	NA	-12.2771420770337	-4.45696311461851	-5.39449902767185	NA	-4.3914457036943	-2.07318237379423	-6.69217957631254	-13.2771420770337	NA	-5.29986215353378	-8.06768871140475	-9.37025148142518	-6.2771420770337	-8.63328588725897	-8.63328588725897	-4.11475074827679	-12.2771420770337
LLM.2013.09.03	-8.88351608723471	-3.76605850568653	-8.06638014438452	NA	-9.81640189137617	-8.81640189137617	-10.1059085085712	-8.06638014438452	-1.67685053897738	-6.61762202726168	-12.2758335100135	-3.10340600136799	-8.95390541512611	-13.2758335100135	-5.51428227756899	-4.82050628970891	-13.2758335100135	-5.66112366589826	-2.01373866464329	-6.4178525148859	-13.2758335100135	NA	-5.35102100640769	-5.18307636909362	-11.2758335100135	-4.97205276183637	-10.4684785879559	-10.6908710092923	-4.35697027273888	-13.2758335100135
LLM.2013.09.24	-8.09656875486987	-4.4023076116579	-7.38385070695034	NA	-9.09656875486987	-9.56605403817109	-10.2664937563122	-7.84022900161009	-1.51997943517372	-5.6740367190441	-13.2664937563122	-2.88278946383813	-9.94456566142482	NA	-5.21664520686162	-4.88711538924092	NA	-4.84442899013937	-2.08099883210132	-7.84022900161009	-13.2664937563122	NA	-5.43360374214744	-7.65178391219698	-9.80706213767489	-4.76664786922898	-12.2664937563122	-9.68153125559103	-5.26649375631218	-13.2664937563122
LLM.2013.11.10	-9.02207573993486	-3.1865239260466	-8.46264833132084	NA	-9.94807515849108	-9.81057163474115	-13.2700032533784	-8.51511575121498	-2.03818207472104	-6.89496382203152	-13.2700032533784	-2.94920270449681	NA	NA	-5.06543210912924	-3.63882619767447	NA	-4.56609967993378	-2.47558738702834	-6.87768583059968	NA	NA	-4.6925744253427	-5.56956353523735	-9.27000325337844	-5.57651629587912	-10.9480751584911	-9.46264833132084	-3.7543034150944	NA
LLM.2013.12.14	-8.36369674483899	-2.87184364850932	-6.59816199847602	NA	-7.62673115067279	-7.62673115067279	-9.94865924556015	-7.14130432350254	-2.0477924375794	-6.94865924556015	NA	-3.3788036372292	-9.94865924556015	NA	-3.88257005510238	-7.62673115067279	NA	-3.99446293517327	-2.40950043445212	-6.14130432350254	-9.94865924556015	NA	-5.04176864995163	-5.19377174339668	NA	-5.70073173211656	-7.14130432350254	-8.94865924556015	-4.06601619619831	NA
LLM.2014.01.19	-8.4833679439405	-2.66839983777302	-9.23825544610397	NA	-8.99032793266039	-7.62354560198876	-9.43090052404637	-6.27247116144188	-5.00943675560809	-6.09870409370518	-7.91632735121661	-2.83630932212743	-9.91632735121661	-10.6532929453828	-3.16679308354735	-7.65329294538282	-12.238255446104	-3.31344294249819	-2.81408915728587	-10.238255446104	-10.6532929453828	NA	-4.583619417576	-4.91632735121661	-8.91632735121661	-6.22702819068072	-2.70395256364934	-7.62354560198876	-6.03858310126761	-10.6532929453828
LLM.2014.02.17	-7.73970724431565	-2.21410132800049	NA	NA	-6.44309023795747	-8.8709517775939	-8.80383758173537	-6.60505771762087	-2.8307272999844	-6.35637860476414	-6.92341919748804	-3.28742123236588	-9.9413411054853	NA	-4.09084169172718	-7.90571719575458	-9.35637860476414	-3.54730721011752	-2.4615608414562	-7.97786698151041	-8.35637860476414	NA	-4.79566365028966	-5.71637474048503	-7.26326920037266	-6.30907288998579	-4.31490196878798	-6.45591427831506	-6.33253186280978	-8.61941301059794
LLM.2014.03.23	-7.65266208715007	-2.64990446597108	NA	NA	-7.59494658929378	-9.46001700920767	-10.2673719312653	-7.7755188349356	-2.57824752635202	-5.83274370362855	-13.2673719312653	-3.17065677677674	-9.94544383637791	-13.2673719312653	-3.98660116113467	-6.12782057886648	NA	-4.48273708570775	-2.27372587124868	-5.4218818803209	-10.6824094305441	NA	-4.37255416795733	-4.74773567842206	-7.59494658929378	-6.16933984830475	-4.6453201118089	-8.13808891432031	-5.2958283773145	-13.2673719312653
LLM.2014.05.04	-7.83333140778632	-3.21656887889387	-10.9376680676011	NA	-7.17213332123808	-8.17213332123808	-8.6157399727137	-6.36477839918048	-2.06422395508568	-5.85871672620624	-8.93766806760106	-3.07720180908389	-7.93766806760106	-10.6746336617673	-4.1563083540764	-6.46518029613832	NA	-3.57835775071062	-2.21930644146271	-7.58717082051693	-8.73603420643141	NA	-5.75180152228973	-8.3527055668799	-8.40161516736085	-5.38923144290502	-4.65596981750223	-7.17213332123808	-6.47823644896376	-9.67463366176727
LLM.2014.06.16	-7.02061448685654	-3.14960092757662	-13.2685420003001	NA	-9.80911038166283	-8.80911038166283	-10.2685420003001	-8.18107915904978	-2.60854610787015	-7.56810228215903	-12.2685420003001	-2.87729841087268	NA	-13.2685420003001	-4.00175545960522	-4.37069654429461	NA	-3.47412613395002	-2.91209003007837	-4.57854402888068	-11.2685420003001	-7.59611665832863	-5.27418856344126	-6.71395314862249	-8.51365449813665	-6.03972330980424	-4.33485134534789	-8.02061448685654	-3.67048950013852	NA
LLM.2014.07.24	-7.45928523387324	-2.60219287138288	-13.2666401559308	NA	-7.84037540122875	-8.2222460365724	-9.35974956032233	-6.32412565059161	-5.66672731374372	-6.99985361523595	-9.68167765520969	-2.71109238428378	-9.94471206104349	-9.01871264248726	-4.5421263028109	-4.51175265376738	-11.6816776552097	-3.54725133498877	-2.18183176812649	-6.65193031181564	-10.0967151544885	-6.56620043778976	-4.47222428958074	-6.5251731695297	-7.87432273315209	-6.18982455888002	-3.44646119351566	-6.48528044240619	-4.98586938580025	-10.4592852338732
LLM.2014.08.22	-7.16963030324072	-3.38364903197568	-10.0871681430487	NA	-9.55665342634997	-8.79766152585376	-7.8647757217123	-6.88205371314413	-4.22642600824412	-5.97169092562881	NA	-1.94477739780095	-8.93516504960369	-13.2570931444911	-5.09218621781537	-5.74929850429236	NA	-4.78135971352466	-1.69628267576312	-6.78135971352466	-13.2570931444911	-8.04763977886211	-3.57585473271325	-5.74139330620701	-9.08716814304874	-6.4757334309664	-6.38672842490765	-8.39911214936349	-6.35020254888254	-13.2570931444911
LLM.2014.08.25	-7.89289446552717	-2.31970913258237	-10.2504464701453	NA	-7.75859337381558	-9.25044647014525	-6.72688451408824	-8.34355587453673	-4.86242918480012	-6.43026750773006	-10.9285183752579	-2.88959938596559	-7.60659028037053	NA	-4.83259395525935	-6.34355587453673	-13.2504464701453	-3.48391756154639	-1.98600386991865	-7.34355587453673	-8.6654839694241	-12.2504464701453	-4.33755713391529	-8.55000675200416	-8.0409931045163	-5.72688451408824	-3.32860553307076	-7.02162777964937	-7.08052146870294	-9.16298362889491
LLM.2014.09.28	-7.88045814050733	-2.76498092308739	-12.2727755632861	NA	-10.1028505618438	-8.27277556328609	-9.95084746839872	-7.88045814050733	-2.62982133980575	-7.0248480498425	-13.2727755632861	-2.48977735436567	-9.95084746839872	NA	-5.88045814050733	-3.915223558668	NA	-5.06332219765714	-2.29836097348056	-5.94185868517147	-13.2727755632861	-7.39013251392425	-4.31857925289921	-5.27842212642723	-10.1028505618438	-5.915223558668	-8.10285056184378	-8.68781306256493	-4.25596727559953	-13.2727755632861
LLM.2014.11.16	-7.66344918732203	-3.18408134576533	-11.2781590314372	NA	-10.2781590314372	-9.69319653071608	-10.6931965307161	-7.3955159820754	-2.68850788492245	-7.06870566580829	-8.69319653071608	-2.20468687746078	-9.95623093654988	-11.2781590314372	-5.53669204503609	-2.97437828326014	NA	-5.61994754868544	-2.32541778425075	-6.75459707538023	NA	-8.95623093654988	-4.7624591931532	-6.99275681257499	-9.03023151799365	-5.24473602989979	-8.63430284166251	-9.81872741279994	-4.82694791960491	-9.95623093654988
LLM.2014.12.07	-6.71911276517482	-2.74060218814904	-13.2582715762829	NA	-8.35138098067433	-8.45091665422525	-8.6733090755617	-6.41278152533848	-7.35138098067433	-5.2138774569244	-12.2582715762829	-2.66955694070059	-8.93634348139549	NA	-4.81947972370459	-5.6808427482471	NA	-4.72299619966205	-1.68131491157676	-5.79883995764555	-11.2582715762829	-7.08834657484054	-3.7764721446171	-4.28385698647732	-8.86595415350409	-5.9728693574206	-5.88323214493593	-7.28099165278293	-4.96365082739122	-13.2582715762829
LLM.2014.12.17	-5.92854579067193	-2.24880506519868	-11.2683957935566	NA	-9.02046828011297	-8.8760783707778	-9.80896417491926	-6.72923698244853	-6.30261150889447	-8.36150519794804	-9.56795607541547	-2.73701433304025	NA	-11.6834332928354	-4.83794324189103	-3.39495168104118	-13.2683957935566	-5.04439411935845	-2.82752662594569	-5.18093295230622	-12.2683957935566	-7.36150519794804	-4.41041479842899	-3.30694609915836	-8.62453960378183	-5.76854990647335	-7.00160925286166	-8.51350829139309	-3.71764900817332	-12.2683957935566
LLM.2015.01.06	-8.21887508101421	-2.21750953898998	-10.2632692003727	NA	-7.70868034869502	-8.09334419893035	-9.56282948223157	-6.73970724431565	-3.73970724431565	-7.19718000991489	-8.73970724431565	-3.20257326868511	-9.9413411054853	-9.67830669965151	-4.6302740032297	-4.83700444567056	-13.2632692003727	-3.79770279556326	-2.59704519756948	-5.77141610404299	-12.2632692003727	-10.6783066996515	-5.2134206509221	-4.5319501693476	-9.56282948223157	-5.61221750919373	-3.19583483961614	-6.20798676487147	-5.67081216310458	-10.2632692003727
LLM.2015.01.14	-7.12795748417161	-2.91183525439878	-9.44988557905897	NA	-5.74944586091788	-8.79780888247928	-9.44988557905897	-6.55680078297548	-4.04292138031581	-7.55680078297548	-10.9353124062292	-2.95574430613403	-8.93531240622921	NA	-4.87353620864252	-5.71034604122894	NA	-3.56724252969713	-2.13053602827339	-5.68738489278563	-9.93531240622921	-7.97183828225433	-4.65732765892945	-5.99045396042168	-8.04778713548763	-4.97646973098597	-3.20603156020181	-6.42435048695183	-5.21832151182427	-13.2572405011166
LLM.2015.01.25	-8.06419655831474	-3.24712648142393	-11.2736499239437	NA	-6.93379992105907	-8.8142183053064	-8.95172182905633	-6.83070642809496	-9.68868742322254	-7.08382536506367	-10.2736499239437	-2.86957278770246	-8.36675932833517	NA	-5.40946377928941	-6.53218293754254	NA	-3.71331708973125	-2.04783998332015	-7.25128211091524	-9.46629500188609	-8.31945361355682	-4.52545707435423	-5.90732770969788	-7.88133250116493	-5.32528269235901	-2.03524518461861	-6.18618708269335	-6.73449111283566	-12.2736499239437
LLM.2015.02.08	-7.71453782747178	-3.08921758913448	-10.6841641784283	NA	-6.2918467556495	-9.3622360835409	-9.68416417842826	-6.21384424364823	-7.2918467556495	-7.80969506051212	-11.2691266791494	-2.46661031402819	-8.94719858426206	-13.2691266791494	-5.09420099664874	-5.47471081279931	-13.2691266791494	-4.05238082095411	-1.85127416426352	-4.81379945884486	-10.0992016777071	-8.3622360835409	-4.18431829134506	-4.72223221926178	-9.3622360835409	-5.10421975247373	-4.16321817057826	-6.94719858426206	-4.73385130252861	-13.2691266791494
LLM.2015.02.23	-6.89467168979586	-3.33454607153909	-11.2697111211428	NA	-7.3389737835799	-9.0217836076992	-8.68474862042163	-6.82676762529405	-6.42422107019841	-5.93879424302817	NA	-1.99766459675284	-8.94778302625542	-13.2697111211428	-5.25848386571953	-5.10983978436439	NA	-4.98894035101218	-1.86032018500508	-5.3213438895581	-12.2697111211428	-8.74614916508577	-3.94778302625542	-3.62585493136806	-9.18224827989244	-6.59728577917129	-7.38706807178094	-7.71512226946514	-4.87739369836402	-13.2697111211428
LLM.2015.03.08	-6.98794684855177	-2.41552960114973	-8.86241596646791	NA	-7.58230804727518	-8.12545037230171	-8.79530177060938	-6.62537676916706	-8.34784279363816	-5.0163286499216	-13.2547333892467	-3.62902454618221	-7.82846863454458	NA	-5.56124643174735	-6.03556486878451	NA	-4.22406625299973	-1.65900969514505	-6.38436866966327	-9.08480838780436	-13.2547333892467	-4.07233903584214	-3.33736130976983	-10.6697708885255	-6.00680587580309	-4.63634788698807	-6.61087719947195	-5.94185043396232	-11.6697708885255
LLM.2015.03.24	-7.93014594790882	-3.07465450480695	-12.2520740427962	-12.2520740427962	-6.20767992343773	-8.12279102585122	-9.08214904135387	-6.44471912073858	-6.14354958601802	-6.20767992343773	-8.25207404279618	-2.58141779367774	-8.08214904135387	-10.4447191207386	-5.3272615391904	-4.5447149107153	-11.667111542075	-4.0997892004896	-1.94146126113666	-7.69748519111855	-8.39409304766861	-9.44471912073858	-3.95745329390456	-6.77634061182979	-8.44471912073858	-6.30955953745694	-2.83422152791029	-6.79264242415889	-7.39409304766861	-8.04262067716723
LLM.2015.04.04	-7.41459252059617	-3.73968789456222	-12.2474825347609	NA	-7.66252003403976	-8.7239205787039	-7.38950153963334	-6.66252003403976	-6.16001969351058	-5.14419472634889	NA	-2.06013046156042	-8.3405919391524	NA	-5.38950153963334	-5.53323701709479	-13.2474825347609	-5.36483948539908	-1.53926080472256	-7.22511472173246	-11.2474825347609	-8.20308841540246	-3.35569883154261	-4.99009469206826	-8.66252003403976	-6.47929820998399	-6.32861929748632	-7.57505719278942	-5.28169825009883	-12.2474825347609
LLM.2015.04.19	-8.67860013909946	-3.18008331248877	-13.2635626398206	-12.2635626398206	-5.70897378814298	-8.67860013909946	-9.56312292167952	-6.72440382871258	-6.21916852046216	-7.17609979857028	-6.29777835515853	-2.79087180057783	-8.87124521704185	-9.0936376383783	-5.11381552031593	-6.46914677347051	-11.6786001390995	-4.20557091706144	-2.14267679703283	-9.0936376383783	-8.67860013909946	-9.0936376383783	-4.86695785863876	-3.71666817993298	-8.7400006837636	-6.52209565341947	-2.29705718791487	-6.82061914397189	-7.38091959045877	-7.97816042095837
LLM.2015.05.03	-7.30760479680843	-3.11205398769063	-12.2618011071953	-13.2618011071953	-8.05234774156636	-8.05234774156636	-7.7382391511383	-6.27311642042314	-5.53388065263211	-5.3914363876119	-9.93987301230795	-1.88079899764438	-8.93987301230795	NA	-6.22837810565786	-5.7619552201121	-12.2618011071953	-4.73432410113491	-1.91695042325232	-8.35491051158679	-11.6768386064742	-9.67683860647415	-3.70338039392665	-4.43843386714907	-9.56136138905422	-6.78606767622891	-4.66188826500818	-7.37915805783347	-6.21740698783686	-9.45444618513771
LLM.2015.05.31	-7.05028989806183	-2.84611533466661	-12.2597432636908	-11.6747807629696	-6.91989326080616	-8.25974326369078	-9.55930354554969	-6.78400983272438	-6.91989326080616	-7.19365407323301	-10.4523883416332	-2.48248794849886	-9.45238834163318	NA	-5.80031164505348	-6.15121880691261	-13.2597432636908	-4.58378623074903	-1.82355226820936	-7.0309245731949	-10.9378151688034	-13.2597432636908	-4.32605260873855	-3.5386440749836	-9.55930354554969	-5.58026316418534	-3.49985508046895	-6.72058445258275	-6.21534914433233	-10.4523883416332
LLM.2015.06.14	-8.00340695121527	-2.65981211808812	-9.55089474651776	-10.0814094632165	-6.98454792396396	-8.12205144771389	-8.12205144771389	-5.88501225041304	-5.88501225041304	-5.57890912268736	-8.55089474651776	-2.25274403491353	-7.60747827488413	-10.4439795426013	-5.8590170418801	-5.17987210210223	-10.4439795426013	-4.97987143675448	-2.00340695121527	-9.55089474651776	-10.9294063697715	-10.6663719639377	-3.74750872666311	-6.39335346953129	-7.6663719639377	-6.80839096881013	-3.35803293379829	-6.87629503331193	-7.89378246004077	-6.98454792396396
LLM.2015.07.08	-6.28496523717153	-2.44392718885763	-12.2736499239437	-13.2736499239437	-12.2736499239437	-9.5732102058026	-9.27364992394369	-6.14436690699873	-5.08877458103541	-4.49886286434252	-10.4662950018861	-2.20017776996723	-9.95172182905633	-11.6886874232225	-4.90732770969788	-3.73837454732289	-12.2736499239437	-5.86425898780599	-2.46871225189178	-11.2736499239437	-13.2736499239437	-10.6886874232225	-5.36675932833517	-5.97902917505206	-12.2736499239437	-7.06419655831474	-3.77380403686049	-7.20756073348592	-4.13154286664114	-10.9517218290563
LLM.2015.07.09	-5.77744151304715	-1.80206062238809	-11.6923248994092	NA	NA	-8.52239989796689	-10.4699324780728	-9.18982455888002	-4.58728942871091	-6.91973539551227	-11.2772874001304	-2.79447944340369	NA	-13.2772874001304	-4.84683484846482	-2.38171211774967	NA	-6.08746284125034	-2.61284011558239	-9.27728740013036	NA	-11.6923248994092	-6.08746284125034	-6.37039680452184	NA	-6.35842416285576	-7.08746284125034	-8.6923248994092	-4.666262602823	-12.2772874001304
LLM.2015.07.10	-5.33816319762216	-1.82730544029139	-11.6780132005068	NA	-11.2629757012279	-8.40499470610037	-9.94104760634058	-6.02457096190286	-4.10058437247104	-6.40499470610037	-6.30877939084107	-3.04744270148229	NA	-7.73941374517093	-4.74333944838473	-4.06085187739748	-13.2629757012279	-5.36815793792	-2.58966662566625	-9.94104760634058	NA	-11.2629757012279	-5.50142446878346	-5.73159424071163	NA	-6.83671094652585	-3.61911951145322	-6.88793626988102	-5.22405671193564	-6.67801320050679
LLM.2015.07.11	-6.49361678241838	-2.07816572572209	-10.2618011071953	NA	-10.091876105753	-8.35491051158679	-8.56136138905422	-7.45444618513771	-5.25057385177206	-5.88676167584838	-7.07197654831529	-2.54927410675549	-9.93987301230795	-10.091876105753	-5.07197654831529	-4.39761496254103	NA	-5.02339636787023	-2.175664882168	-10.2618011071953	NA	-12.2618011071953	-4.80647388689075	-6.67683860647415	NA	-6.95802035901821	-3.26603395631751	-7.05234774156636	-6.07197654831529	-7.53388065263211
LLM.2015.07.12	-6.19350697203065	-1.9410533527857	-11.6746336617673	NA	-11.2595961624884	-8.6157399727137	-10.4522412404308	-7.47823644896376	-4.94671320720407	-7.6157399727137	-7.53167570792522	-3.24697162362336	NA	-9.67463366176727	-5.05502501823922	-4.08217662449919	NA	-4.14846049225372	-2.27304301273176	-9.08967116104611	NA	-12.2595961624884	-4.26524272562956	-4.1615640795279	NA	-6.53167570792522	-4.60496013396045	-6.46518029613832	-4.83753139631561	-7.30539985210155
LLM.2015.07.15	-8.02455647849129	-2.84936808178777	-11.6875214912137	NA	-9.46512906987727	-7.49112427841021	-9.95055589704751	-7.51759648977141	-5.06303062630592	-7.88016656915611	-13.2724839919349	-2.94268765371417	NA	NA	-5.66515367818526	-3.79877824231546	NA	-3.89961893182229	-2.16985210307991	-7.68752149121372	-13.2724839919349	-12.2724839919349	-4.52765015443533	-2.6865825422441	-9.68752149121372	-6.65777414781967	-5.64312737185526	-5.84621923723278	-4.44276125684882	-12.2724839919349
LLM.2015.07.19	-7.33003521479065	-4.66831551508545	-10.4534176302959	NA	-7.93884445746617	-9.09084755091122	-9.09084755091122	-6.75297791215484	-5.96615180346191	-6.39040783277013	-9.01284503890995	-2.03978970127176	-8.93884445746617	-11.6758100516324	-5.47941283882887	-3.97537033349129	NA	-4.31825804701429	-1.78960541862914	-7.30657624196666	-12.2607725523535	-8.13148953540857	-3.35689070661735	-4.03677087815543	-8.67581005163238	-6.45341763029593	-7.09084755091122	-6.61691636257881	-4.85563108921719	-9.45341763029593
LLM.2015.07.26	-7.70985374854896	-3.15200309344505	-11.2644426002266	-12.2644426002266	-7.19835340976883	-9.457087678169	-8.62058641045188	-6.32192809488736	-6.07461804134658	-6.22004848086815	-9.09451759878429	-2.41113304482293	-8.94251450533924	-13.2644426002266	-5.01651508678302	-8.50955509806313	-13.2644426002266	-4.19835340976883	-1.77610032269408	-6.12489124782781	-11.2644426002266	-9.56400288208551	-3.59025033208092	-3.72141077997136	-7.70985374854896	-6.4700267338765	-4.31899876384869	-7.62058641045188	-6.43155258606186	-10.457087678169
LLM.2015.08.23	-8.27626983091227	-2.79144693665013	NA	NA	-8.10634482946996	-10.10634482947	-9.36937923530375	-8.32207352052539	-3.31048554625018	-6.99086761205002	NA	-2.22982788290496	NA	NA	-5.05710131045011	-8.69130733019112	-12.2762698309123	-3.8354006633014	-1.99318147788827	-8.18880698966193	-10.9543417360249	-8.23187571155382	-4.14441287030348	-5.74488837039596	-7.72168097923463	-6.70641422258132	-5.00948329021737	-6.40590511132887	-5.1677453741341	NA
LLM.2015.09.06	-7.24031432933371	-1.68856170735242	NA	-10.4553272203046	-9.35579154675365	-8.5077946401987	-9.9407540474748	-6.25145488693891	-4.50113090991769	-7.9407540474748	-6.22925914082471	-2.4561325203762	NA	-9.80325052372487	-4.39849599770788	-6.11293502285748	-12.2626821423622	-4.1778737545578	-2.92840885705497	-8.8703647195834	-10.4553272203046	-9.56224242422107	-4.48789508276099	-4.86180270607998	-9.56224242422107	-6.61882595258744	-4.86180270607998	-7.48132242883751	-5.47477958297073	-6.22925914082471
LLM.2015.09.16	-6.85566527225335	-1.58844306945612	NA	NA	NA	-7.05311133645956	NA	-7.42394903182787	-4.06276150649328	-8.58149030881435	NA	-2.85881411680834	NA	-12.2819300269554	-3.66354452469684	-3.48426850110168	NA	-5.14750370673452	-3.62015192918346	-9.37503943134693	NA	-8.82249840831815	-5.45538153966453	-3.64530540641179	-11.6969675262343	-5.39318677805718	-7.50057031343078	-8.37503943134693	-5.15264701001048	NA
LLM.2015.10.11	-7.79080099339675	-2.71279848139547	NA	NA	-11.2826540897264	-9.47529916766882	-11.6976915890053	-8.96072599483906	-6.01586754903152	-8.23825997036797	NA	-1.90273427207988	NA	NA	-4.13799584689454	-4.25198695347948	NA	-4.04186275756446	-2.48499256387266	-6.23825997036797	NA	-6.71279848139547	-4.23553017761239	-6.97887334154932	-7.75909213366941	-5.35191675216353	-5.12783598067432	-8.15337107278145	-4.08298174489006	NA
LLM.2015.11.08	-7.25448357388923	-2.39956725339449	NA	NA	-10.4694964648601	-10.6918888861965	-10.4694964648601	-8.63299519714296	-3.62759520940037	-7.18938854566734	-12.2768513869177	-2.40340727440231	NA	NA	-3.49713203177428	-5.98223063802606	NA	-3.85058663221558	-2.61418301140014	-6.73769257580965	NA	-6.97307063874058	-4.127104267413	-7.23245726755923	-7.78499829058801	-6.99144916805543	-9.18938854566734	-7.57641166877659	-3.55917496385129	NA
LLM.2015.11.22	-8.40660821299925	-3.100939532111	-11.6796267074057	NA	-8.22019508876837	-8.35769861251831	-10.0946642066845	-7.80515758948953	-5.38807226156182	-6.03577051763094	-12.2645892081268	-1.93984609763241	NA	NA	-4.62434427190448	-9.80515758948953	NA	-4.13273224751803	-2.1116706319902	-6.6207330183521	NA	-10.4572342860692	-3.56414948998573	-3.552062207687	-6.03577051763094	-6.00720136543417	-6.31039289773995	-7.77273611179715	-6.72543039701879	-11.6796267074057
LLM.2015.12.27	-7.29316141734813	-3.28175665407588	-9.57000162270695	NA	-7.48908162732339	-9.57000162270695	-11.270441340848	-7.16191688406988	-7.16191688406988	-7.02251382740446	-9.02251382740446	-1.75424886296868	NA	NA	-4.98042249391543	-9.94851324596068	NA	-3.93059133796342	-1.7283767985646	-9.46308641879044	-10.1005163394057	-8.94851324596068	-3.5682686554825	-6.11057000406966	-8.41246034572047	-6.0609879752191	-5.04643966664994	-7.57000162270695	-7.87812391806929	-9.57000162270695
LLM.2016.01.10	-7.98489310760979	-1.27948224731843	-11.6853328257509	-11.270295326472	-8.74673337041503	-9.56985560833095	-12.270295326472	-6.87797790369328	-4.37851162325373	-8.27029532647204	-5.85244281158614	-2.7262968763375	NA	-9.68533282575088	-3.97337911959275	-7.06084196084309	-12.270295326472	-5.27594188961318	-3.26748031086499	-10.6853328257509	-10.4629404044144	-10.9483672315847	-4.90397311222622	-6.02236781302845	-7.3876522771102	-6.84403057176994	-3.98952455634144	-6.39993060688864	-8.94836723158468	-7.16177086969387
LLM.2016.01.24	-9.95011842950258	-2.58292211947668	-10.4646916023323	NA	-9.36515592878142	-8.57160680624885	-9.1845836831396	-7.3894034750281	-6.11217518761155	-6.73288771328191	-5.13249517199114	-1.66564131169215	-12.2720465243899	-10.6870840236688	-5.64268990431033	-6.36515592878142	NA	-5.03364178506486	-2.26221790702183	-7.65733668027473	-8.74848456833293	-12.2720465243899	-4.08717118148165	-5.76425188419124	-7.74848456833293	-5.87972910161118	-4.39860241187456	-8.51715902222647	-5.79631309342354	-7.49068681086528
LLM.2016.02.07	-10.2698571946549	-2.96379550522653	-10.4625022725973	NA	-8.18239435340453	-9.36296659904635	-8.87753977187611	-8.31566088426799	-5.71526834297723	-6.35099395738027	-8.36296659904635	-1.55905076095552	NA	-11.6848946939337	-5.59037709514942	-7.74629523859786	NA	-4.83940464298934	-2.28046269481014	-7.59743185268337	-11.6848946939337	-9.94792909976751	-4.60097221038862	-3.24887725575066	-7.59743185268337	-6.26985719465487	-5.12011007515019	-8.46250227259726	-6.05068867419271	-8.81042557601757
LLM.2016.02.28	-8.62439338221977	-3.05757822820887	-9.8088179533572	-12.2682495719945	-9.5678098538534	-8.87593214921573	-8.5678098538534	-8.74468761593748	-5.8088179533572	-6.52678258559335	-7.68328707127334	-1.59317465160905	NA	-11.6832870712733	-6.62439338221977	-6.17021748903397	NA	-5.88454527952044	-1.80319340416332	-7.91069756737641	-9.94632147710713	-11.2682495719945	-3.31696485702752	-8.36135897638597	-7.22385545263604	-6.19143397494366	-4.87593214921573	-9.02032205855091	-6.8088179533572	-10.6832870712733
LLM.2016.03.13	-9.95288681956347	-3.47877530562107	-10.6898524137297	NA	-7.95288681956347	-8.75125295839382	-9.36792431884232	-9.81538329581354	-6.13526356205204	-6.48039904810073	-9.36792431884232	-1.73420250620131	NA	NA	-6.76702027425214	-10.2748149144508	NA	-5.08993957154255	-1.9981088945584	-6.95288681956347	-12.2748149144508	-8.95288681956347	-3.03402358228888	-3.95288681956347	-6.41683391932326	-5.76702027425214	-4.31771287288855	-9.36792431884232	-8.57437519630974	-9.68985241372968
LLM.2016.03.27	-11.2710252506166	-3.28803167592226	-12.2710252506166	NA	-8.62716906084185	-9.18356240936623	-9.94909715572921	-8.68606274989541	-6.74746329455956	-6.87870782783781	-11.2710252506166	-1.54395569259286	NA	NA	-6.3168289402297	-9.68606274989541	NA	-5.17826810969672	-2.3153753430882	-6.40066053103317	-11.6860627498954	-10.463670328559	-3.60036900149813	-3.46367032855897	-5.83639702297985	-5.89598581926965	-4.413044255489	-8.94909715572921	-5.92229709638549	-12.2710252506166
LLM.2016.04.24	-9.0341473551405	-2.99667264972184	NA	NA	-9.82264324994679	-9.11214986714177	-10.4747199465265	-8.32787855819721	-6.41171014900068	-8.52718736642062	-10.9601467736967	-1.42954535917989	NA	NA	-6.14252351618529	-5.52718736642062	NA	-5.46829367736705	-2.53472103910603	-5.54060788218294	-11.6971123678629	-10.1121498671418	-3.08608757055558	-4.39943181922225	-8.15279185163912	-5.75851291252707	-6.09225030970407	-8.37518427297557	-5.54736524835825	NA
LLM.2016.05.08	-9.57742882803575	-3.1904057049265	-11.6929060454557	NA	-7.95594045128948	-8.75430659011983	-10.6929060454557	-8.14858552923187	-3.07207529677968	-6.81843692753954	-11.6929060454557	-1.90663641780722	NA	-10.9559404512895	-6.02048070348419	-7.52298104401337	NA	-5.11296161950115	-2.76118359686723	-8.06841518054789	-10.9559404512895	-12.2778685461768	-3.3679754624068	-6.95594045128948	-6.31208426151475	-6.26664129075359	-2.85685569039761	-8.02994103273326	-6.85160379147474	-11.2778685461768
LLM.2016.05.22	-10.4317960517231	-2.13128005950109	NA	-8.28495466339383	-7.13062651700253	-6.35650792441886	NA	-4.52834454008135	-3.85977260670944	NA	-5.9723644330858	-3.58451494525273	NA	-9.65418847305954	-4.5112305192175	-6.21678316075225	NA	-4.23072235171012	-3.67690854955963	-10.0692259723384	-6.14111889082017	NA	-4.88159896916262	-7.59529478400598	-8.84683355100194	-6.09959962138191	-1.9788194552231	-6.86411154243378	-10.4317960517231	-6.26187105028079
LLM.2016.06.05	-8.75023364315725	-2.38353132219316	NA	NA	-7.84753084451217	-8.9518675043269	-9.02586808577068	-7.81436398057697	-3.3609062629843	-5.56643646713338	-11.6888330984931	-2.06373311597403	NA	NA	-5.23487660992196	-9.18633275796392	NA	-4.91624359459618	-2.11834486790213	-8.68883309849311	-11.6888330984931	-10.9518675043269	-3.65724675543528	-9.10387059777195	-6.81436398057697	-6.29651567571435	-4.94287872109965	-9.10387059777195	-8.62993940943954	-10.103870597772
LLM.2016.06.15	-8.95506864440976	-3.74561527878081	NA	-10.9550686444098	-8.32280042891025	-8.95506864440976	-8.75343478324011	-7.72240788761948	-2.75539629957339	-6.10707173785481	-11.692034238576	-1.78014296190908	NA	NA	-6.35813350202253	NA	NA	-5.0871721804171	-2.03084996466126	-8.63314054952239	NA	NA	-3.26437220043206	-9.18953389804678	-6.9371467364125	-6.26576948387387	-4.80939118921412	-8.57655702115603	-8.57655702115603	NA
LLM.2016.06.19	-9.81901783958318	-3.72578036070621	-10.6934869574993	-11.6934869574993	-7.95652136333312	-9.57800974007939	-9.47109453616288	-7.66373961410527	-2.00116205809012	-6.95652136333312	-10.2784494582205	-2.50283917746094	NA	-12.2784494582205	-6.59194893103726	-10.2784494582205	NA	-5.96556650293613	-2.59370083779886	-9.10852445677817	-10.2784494582205	-9.95652136333312	-3.00932277907106	NA	-7.60602411624899	-6.67853661603335	-2.89150921289617	-8.42046846309291	-9.19098661697014	-10.9565213633331
LLM.2016.06.26	-8.81727440125513	-2.24741879292419	-9.95477792500507	NA	-8.88438859711367	-9.95477792500507	-9.36981542428391	-8.27670601989243	-3.99593524976183	-6.66199617577722	-12.2767060198924	-2.22821914590009	NA	NA	-4.90166658854551	-8.36981542428391	NA	-4.72981156000479	-2.15711639915131	-6.08688146101241	-12.2767060198924	-9.95477792500507	-3.20524365733581	-10.6917435191713	-7.08688146101241	-6.93685601700781	-5.07703367505607	-8.88438859711367	-5.53523903349128	NA
LLM.2016.07.03	-8.87227178534806	-1.70856221540215	-9.94266111323946	NA	-8.35769861251831	-8.35769861251831	-9.94266111323946	-7.07476464924681	-2.81750598191717	-7.83832445342473	-6.05513584249787	-2.35995458645867	NA	-9.80515758948953	-5.8299609804901	-5.56414948998573	NA	-4.14564813540332	-2.68338862620187	-9.56414948998573	-12.2645892081268	NA	-5.38807226156182	-9.26458920812682	-8.35769861251831	-6.45723428606922	-7.74102725206981	-6.24222139509837	-8.17712636687648	-7.50970170596336
LLM.2016.07.19	-9.5691253146981	-4.18741599148532	-10.2695650328392	NA	-9.18210219158885	-8.87724761006043	-10.2695650328392	-7.74600307678218	-2.20954467833134	-5.34475252923341	-10.0996400313969	-1.6897777033122	NA	-12.2695650328392	-7.59713969086769	-10.684602532118	NA	-6.18210219158885	-2.01808262221898	-8.87724761006043	-9.94763693795183	-11.684602532118	-3.78978476881009	NA	-9.18210219158885	-6.23614203130174	-5.98416281397694	-8.62570884306447	-7.48820531931453	-10.4622101107816
LLM.2016.07.31	-9.46104087149895	-2.46507187451507	NA	NA	-11.2683957935566	-10.2683957935566	-10.2683957935566	-8.36150519794804	-3.09471865725314	-6.41041479842899	-10.6834332928354	-2.13782523075113	NA	NA	-4.8760783707778	-5.04439411935845	NA	-5.18093295230622	-2.12756602278356	-5.79266236259016	NA	-10.2683957935566	-3.90207357931074	NA	-8.46104087149895	-5.90207357931074	-9.80896417491926	-8.31419948316968	-5.32002856197188	-11.2683957935566
LLM.2016.08.14	-9.17080873503251	-2.60991399427319	-10.9363434813955	NA	-8.93634348139549	-10.2582715762829	-8.25827157628285	-6.78253814531645	-2.12384525606193	-6.84888064014515	-7.08834657484054	-2.33123440756256	NA	-8.61441538650813	-5.69602915206178	-11.6733090755617	NA	-6.18145597923202	-2.75643439138055	-11.2582715762829	-10.4509166542252	-11.2582715762829	-3.24984295421227	-7.9728693574206	-7.42538156211811	-7.14974711950468	-4.23313201400434	-7.64356173216764	-8.61441538650813	-7.28099165278293
LLM.2016.09.04	-7.72066269179269	-2.25635592234868	-11.6902890427492	-5.8406233158336	-7.57481182532923	-8.14596852652536	-10.2752515434703	-7.78339844714065	-6.02732403002674	-6.5610060258042	-8.10532654202802	-2.05064686193183	NA	-10.6902890427492	-5.66054169935512	-10.6902890427492	NA	-4.06336324892432	-1.86798377922559	-9.18778870221999	-11.6902890427492	-11.6902890427492	-3.95332344858296	-9.81581992483303	-8.69028904274917	-7.14596852652536	-5.7360927323623	-6.36836094786181	-6.10532654202801	-7.49389182994567
LLM.2016.09.11	-8.09832457055218	-2.37494804113393	NA	-11.6832870712733	-8.36135897638597	-9.36135897638597	-9.36135897638597	-7.26824957199449	-5.98284735313224	-6.20216038153672	-9.46089464993689	-2.16430614210294	NA	-11.6832870712733	-4.68704899006954	-8.5678098538534	-12.2682495719945	-4.23207595944101	-2.14542157718683	-7.51336206983102	-12.2682495719945	-6.54032911743129	-3.17946133327759	-9.5678098538534	-6.5678098538534	-6.5678098538534	-4.78040953817144	-6.69839396366354	-5.66833672980736	-10.4608946499369
LLM.2016.10.08	-7.41625154166236	-2.47738174152277	-9.81480091815263	-11.2742325367899	-8.36734194118141	-8.95230444190257	-10.4668776147323	-6.34349519922704	-6.03582779746485	-6.8312890409412	-6.15529146406642	-1.77388856751953	NA	-7.91668053217185	-5.80662698670693	-9.02630502334634	NA	-5.16049037074074	-2.0641700535497	-8.22983841743148	NA	-8.36734194118141	-3.41469775040728	-8.36734194118141	-6.7350737256819	-6.68927003606877	-5.01684469409728	-7.46687761473233	-6.68927003606877	-7.63037634701521
LLM.2016.10.17	-8.47051362411924	-3.28776458231934	-11.6929060454557	-12.2778685461768	-8.41988755104927	-9.37097795056832	-9.57742882803575	-7.49650883265218	-6.14858552923187	-6.54994809161364	-7.92031654155876	-1.52883716413664	NA	-9.69290604545568	-6.3830507828689	-9.47051362411924	NA	-5.45132005888593	-2.05991084831273	-7.63401235640212	NA	-9.81843692753954	-2.9236191642316	-9.27786854617684	-7.57742882803575	-6.08804398729682	-4.1904057049265	-7.37097795056832	-7.08804398729682	-8.57742882803575
LLM.2016.10.26	-7.55023857687404	-2.35186303665613	-9.27815903143724	NA	-9.81872741279994	-8.42017803630967	-12.2781590314372	-7.75459707538023	-5.47725913151693	-7.7235701797596	NA	-1.70830342310629	NA	NA	-4.61282311425206	-4.44210867637917	-10.9562309365499	-5.17487122302522	-2.37051722777171	-6.85189427673514	NA	-6.81872741279994	-4.03736769927528	-12.2781590314372	-8.37126843582872	-5.94724215332262	-7.63430284166251	-7.92060702681915	-4.68196927529283	-10.4708041093796
LLM.2016.11.05	-7.83832445342473	-2.03216828095075	-9.26458920812682	NA	-7.03577051763094	-9.01666169468324	-7.87227178534806	-6.96080845994972	-6.72543039701879	-7.50970170596336	-8.94266111323946	-2.50054699082024	NA	-10.6796267074057	-4.73711220206643	-11.6796267074057	NA	-3.19850001766905	-2.28730928462691	-11.6796267074057	-10.6796267074057	-9.01666169468324	-3.38500595851404	-11.2645892081268	-7.17712636687648	-7.40660821299925	-4.67213217085874	-5.38807226156182	-7.45723428606922	-9.67962670740567
LLM.2016.11.09	-6.75314406383542	-1.71924231829461	-13.2767060198924	NA	-13.2767060198924	-9.57626630175134	-12.2767060198924	-5.89300172741838	-5.37583921191168	-5.77686013280923	-7.99130380103018	-1.91585893571277	NA	-10.1067810184501	-5.35189351628665	-8.88438859711367	NA	-6.49534630636777	-3.21331093860392	-13.2767060198924	NA	-9.36981542428391	-5.63284983011771	-9.46935109783483	-11.6917435191713	-7.63284983011771	-2.71828530662377	-9.81727440125513	-5.1786739369319	-9.27670601989243
LLM.2016.11.10	-6.49839594219645	-1.37964359274365	NA	NA	-12.2797556557211	-7.37286506011259	-11.6947931549999	-8.4724007336635	-5.59325512853789	-7.07030229009216	-11.2797556557211	-2.00363125044687	NA	NA	-4.85769088954829	-4.49512081016359	NA	-5.19229281447077	-3.0837683576926	-12.2797556557211	NA	-7.42177466059353	-4.15563434389192	-10.4724007336635	-11.6947931549999	-6.60733031374961	-7.08993109684109	-9.03182814227752	-6.56551013805498	NA
LLM.2016.11.13	-7.75285328583567	-2.35829739086091	NA	NA	-9.10649024045037	-8.75285328583567	-10.6914527411715	-7.88409781911392	-5.14198892167175	-7.63255905211795	-8.57597552375159	-1.61552797159011	NA	-10.1064902404504	-5.1317569990608	-5.49505552836802	NA	-3.95674312094568	-2.39530128121758	-8.69145274117152	NA	-7.784562145563	-4.78857520806963	-8.81698362325538	-7.85015048719058	-5.86702430575498	-5.58292828439335	-6.75285328583567	-5.4122290972384	-8.63255905211795
LLM.2016.11.20	-8.87885376836101	-3.27258076139444	-12.2711711911398	NA	-6.12142407163509	-9.81173957250247	-9.27117119113977	-6.73201238003174	-6.58467066395655	-6.55692567347365	NA	-1.91802436564169	NA	NA	-6.08134663225976	-12.2711711911398	NA	-5.05685207033901	-2.06293683279998	-9.46381626908217	-9.94924309625241	-8.81173957250247	-2.34561675126622	-11.2711711911398	-6.89613175979285	-6.67125834895265	-3.96283216100037	-7.18370834988943	-7.46381626908217	-9.94924309625241
LLM.2016.11.27	-7.17110319263959	-2.96969995972411	-11.6736035331688	-11.2585660338899	-5.85768659760775	-8.73500407783292	-8.61470984411521	-7.40058503876236	-6.51709904748879	-6.6586531917028	-10.0886410324476	-3.08239288478244	NA	-12.2585660338899	-4.99177949319503	NA	NA	-3.96624440108789	-1.76771515714964	-9.55812631574884	-11.2585660338899	-6.54432051622381	-2.59411874934196	-7.73500407783292	-6.50367853172646	-5.57206550670671	-4.20871748443937	-5.95478528571283	-5.49038170911301	-11.6736035331688
LLM.2016.12.01	-6.22558460610716	-3.67592484014168	-10.6740451069235	-7.32827027008172	-7.06918304876459	-8.61515141786988	-8.93707951275725	-5.85812817136242	-3.167572221321	-5.51754062124346	NA	-1.86400909314294	NA	NA	-4.35211701203609	-11.2590076076446	-7.90145560302653	-5.08408192514393	-2.11817783687161	-10.2590076076446	-12.2590076076446	-6.4645917412945	-3.77922734361551	-8.40102661251704	-6.0890826062023	-6.04955424201566	-7.53108715308141	-8.50412010548114	-5.40102661251704	-9.55856788950352
LLM.2016.12.03	NA	-1.53596622846458	NA	NA	NA	-12.2858356558614	-12.2858356558614	NA	-3.42164951120714	-5.75445419534511	NA	-8.00043343699917	NA	NA	NA	NA	NA	NA	-5.85957090115932	NA	NA	NA	-8.64197946608669	-0.946542355681325	NA	NA	-12.2858356558614	NA	-12.2858356558614	NA
LLM.2016.12.04	NA	-3.20313896005679	NA	NA	NA	NA	NA	NA	-0.87350513616112	-6.82452486902782	-11.698993986944	-6.82452486902782	NA	NA	NA	NA	NA	NA	-3.73706202777748	NA	NA	NA	-5.54924686743928	-2.12282460468081	-11.2839564876651	-9.96202839277775	-11.698993986944	NA	NA	NA
LLM.2016.12.11	-8.18224827989244	-1.71800285952209	-12.2697111211428	NA	-10.4623561990852	-9.26971112114278	NA	-7.87739369836402	-7.07988656226276	-6.1199640016381	-12.2697111211428	-2.03729019396671	NA	NA	-4.35383174230701	NA	NA	-4.51482361897931	-1.97623947230465	NA	-12.2697111211428	-12.2697111211428	-5.38706807178094	NA	NA	-5.28671754644847	-10.9477830262554	-5.44316263385187	NA	NA
LLM.2016.12.17	-9.92999806260903	-3.05348111604403	NA	NA	-8.49703865533292	-8.25192615749639	NA	-7.89437415287831	-6.51045917109524	-5.42537767020547	-10.929998062609	-1.61077756008516	NA	NA	-6.36928310813455	-8.16446331624605	-11.2519261574964	-5.4317471950812	-1.33679370854574	-8.34503556188787	-10.929998062609	-9.66696365677523	-4.89437415287831	-10.929998062609	-6.48374183271946	-7.20753203813794	-7.85960873471763	-6.66696365677523	NA	NA
LLM.2016.12.25	-8.34680918576566	-4.0152950420491	NA	NA	-3.40195073995812	-9.16623694012384	-12.2536997813742	-6.40820973042981	-5.51223279497303	-7.63898993725897	NA	-2.65564728121258	NA	NA	-5.18761059091641	-9.0057722679306	NA	-2.44715015938822	-1.77442475112398	-8.29950347098731	-7.32296244381129	-5.51899016114834	-4.79837256106962	-7.86138235859542	-12.2536997813742	-5.71454097026615	-5.92278290325956	-5.11414842897539	NA	NA
LLM.2017.01.01	-9.09803208296053	-2.20928883406227	-8.80852546576554	NA	-4.59553174243134	-7.36106648879432	-10.6829945836817	-7.00117054370794	-6.27927239763067	-7.15943262762467	NA	-2.30289432765821	NA	NA	-5.00117054370794	-10.0980320829605	-12.2679570844028	-3.3254425790636	-1.90875659926921	-7.13867406745787	-9.1804942431525	-6.21267464890165	-5.03913839390696	-9.46060216234523	-8.62410089462811	-5.60974560165104	-7.29067716090292	-5.69052825636709	NA	NA
LLM.2017.01.08	-11.2563561355142	-2.87481318432958	NA	NA	-4.69030209734307	-7.42346612134942	-10.9344280406268	-8.39837514038659	-7.5014686333507	-5.92543925739955	NA	-2.07893659752493	-12.2563561355142	NA	-6.20107370001298	-9.55591641737307	NA	-3.74262853956173	-1.56374063381959	-7.30215982512729	NA	-7.86403871273541	-3.98489310760979	-8.34946553990565	-8.08643113407185	-4.89441236177893	-7.79692451687687	-6.67139363479301	NA	NA
LLM.2017.01.15	-9.33910768486419	-3.60394658754473	-10.6610357797516	NA	-3.03654491484376	-7.92407018558534	-8.92407018558534	-5.6312884363575	-6.47781395569578	-7.38801728534513	NA	-2.12187696864352	-11.2459982804727	NA	-5.54555856233161	-8.24599828047271	-12.2459982804727	-3.98861043778005	-1.55818521790778	-8.24599828047271	-6.87095884912578	-8.15853543922237	-4.79067106016815	-10.0760732790304	-11.2459982804727	-5.01717958997683	-8.66103577975155	-7.29180197008583	NA	NA
LLM.2017.01.22	-7.83230127918783	-3.16713064756633	-9.35167543828141	NA	-3.40994309346059	-7.73500407783292	-10.0886410324476	-6.36374827058199	-5.90101402927185	-6.04911266826098	NA	-2.1031153025778	NA	NA	-6.078656943875	-7.45121111183233	NA	-3.27985557478358	-1.90928480507248	-5.21417191453148	-8.50367853172646	-8.50367853172646	-4.98710300598556	-8.01063852044635	-9.01063852044635	-4.93213654676763	-8.01063852044635	-6.61470984411521	NA	NA
LLM.2017.01.31	-8.55959770296551	-3.58584515296092	-11.6750749203854	NA	-6.02163268178152	-7.58761207913511	-8.8006058024693	-6.03121873061072	-5.58761207913511	-6.64532757699139	NA	-2.35239561744107	NA	NA	-5.77622164384234	-7.28275749760668	NA	-2.81605787850535	-1.34565228895116	-7.2600374211066	-8.73647546504959	-8.8006058024693	-5.43985845869141	-9.8006058024693	-8.86771999832784	-5.11029030160192	-6.60182593835481	-6.35314682549808	NA	NA
LLM.2017.02.11	-8.26297570122794	-2.66213358684064	-10.9410476063406	NA	-4.27429101445578	-7.24060788819949	-10.6780132005068	-6.10310436444955	-6.29719141656586	-6.95919495305084	NA	-2.46612490596078	NA	NA	-5.02457096190286	-7.24060788819949	-4.63726685816348	-2.9387951546092	-2.03596150757881	-6.67801320050679	-8.67801320050679	-8.73941374517093	-4.81176458939561	-7.33223836366506	-8.26297570122794	-5.18082665987407	-6.05352233559899	-6.78724227026155	NA	NA
LLM.2017.02.26	-10.6933417514159	-5.15936317941352	NA	NA	-7.60587891016554	-7.52341674997356	-10.4709493300794	-8.69334175141588	-1.12411904287174	-6.05913573167487	NA	-2.2014886550862	NA	NA	-8.19084141088669	-11.278304252137	-12.278304252137	-5.76260441385299	-2.54528893045107	-9.10837925069472	-10.9563761572497	-11.278304252137	-4.53683726573589	-12.278304252137	-7.55038379757383	-6.30102432863712	-7.04948556164115	-9.69334175141588	NA	NA
LLM.2017.03.13	-9.45650109753848	-3.79218080520404	NA	NA	-5.82922779195936	-7.24148820656763	-9.26385601959608	-7.15533156281791	-3.60564453684429	-6.60564453684429	NA	-1.46741076053423	NA	NA	-6.88881658824916	-9.94192792470872	NA	-4.62361108337374	-1.87530051561352	-8.35696542398756	-10.0939310181538	-8.61999982982136	-4.61999982982136	-8.94192792470872	-7.38121297023424	-5.0350373291002	-5.44367705718089	-6.92400601671146	NA	NA
LLM.2017.04.16	-7.84723947926006	-2.09670775581456	NA	NA	-7.688541733241	-8.46614931190456	-10.9515761390748	-8.57306451582107	-5.40313951437876	-8.18604139271182	NA	-1.81714981885387	NA	NA	-5.89846480261524	-4.14164727335337	NA	-3.6477953908977	-2.51278428649654	-6.02557672051858	NA	-8.8811868111834	-5.0543357135	-10.4661493119046	-9.46614931190456	-6.44061421979742	-4.58001727646284	-6.83056073811343	NA	NA
LLM.2017.04.30	-6.65908575509906	-2.85383542136638	NA	NA	-8.62993940943954	-7.75023364315725	-10.4664406771567	-8.5189080970508	-5.70393999088332	-7.78194250288459	NA	-1.6636935362146	NA	NA	-5.81436398057697	-4.24037259767681	NA	-4.04017592245456	-2.47127923409304	-5.29080202451995	-13.2737955992143	-6.09388650919933	-3.89658506882571	-6.91624359459618	-7.98839338035202	-6.86440466307656	-4.22667168710024	-6.89875616786734	NA	NA
LLM.2017.05.14	-7.31770436200467	-2.83206978841015	NA	NA	-7.51701317022807	-8.10197567094923	-11.2719006723915	-7.3892576230297	-5.47100077247124	-7.04308198189566	NA	-1.85194049454365	NA	NA	-6.31770436200467	-9.68693817167039	NA	-3.39691932473777	-1.89252230532028	-6.42641062144717	-9.36501007678302	-7.68693817167039	-4.57493314615726	-7.74833871633453	-8.31770436200467	-5.48399811300011	-4.19508507534071	-6.96811992421444	NA	NA
LLM.2017.05.28	-8.02848772844909	-2.66631317889301	NA	NA	-8.52152773972921	-7.52152773972921	-11.2764152418927	-7.46906031983507	-6.76862060169398	-7.34567790432979	NA	-1.94437869353103	NA	NA	-5.72952078200504	-5.84178701425595	NA	-3.73338342163744	-1.95617879665103	-5.12159713284057	-12.2764152418927	-9.02848772844909	-4.65070639882821	-8.52152773972921	-13.2764152418927	-4.94549836377806	-3.89920471150413	-7.126668122388	NA	NA
LLM.2017.06.25	-7.60515266044424	-3.30173003440895	-13.2775780024157	NA	-8.52269050025227	-8.47022308035813	-10.2775780024157	-7.54965754785254	-5.78572490608606	-7.16905354563757	NA	-1.81354285022582	NA	NA	-6.0976689124008	-6.90253857106881	-13.2775780024157	-3.92002599779765	-2.40490312214513	-6.02965048897215	-9.1901151611654	-7.99217578355349	-4.23865901312343	-8.63372181264101	-9.1901151611654	-6.02019015972308	-2.38351815614171	-6.80184457144934	NA	NA
LLM.2017.07.17	-8.1066356367761	-2.12364206208179	NA	NA	-8.52167313605494	-7.69159813749726	-10.6915981374973	-9.46920571616081	-4.29071870121507	-7.23216651885996	NA	-1.93559787396671	NA	NA	-5.53509365181727	-5.81712901958112	NA	-4.12681351871373	-2.21047144776064	-5.53509365181727	-12.2765606382184	-7.91900863360033	-4.65085179515395	-8.81712901958112	-9.18909779696807	-4.63631570199607	-6.45638167580323	-7.85029588351632	NA	NA
LLM.2017.08.13	-7.37054211298154	-2.40168335717	NA	NA	-8.81800108995276	-7.81800108995276	-11.2774327085901	-6.95550461370269	-5.84280448095333	-6.76963806839136	NA	-1.72188493694299	NA	NA	-6.56318719092393	-5.51588147614557	-13.2774327085901	-4.47007778653245	-2.11441206900926	-5.31164842392797	-12.2774327085901	-7.16890825181189	-4.14814969164509	-7.30015278509014	-9.95550461370269	-4.96909367845065	-5.70000388055431	-7.95550461370269	NA	NA
LLM.2017.09.16	-7.88584160865848	-3.53164471029877	NA	NA	-8.06870566580829	-8.42017803630967	-10.9562309365499	-7.12841191193256	-5.88584160865848	-7.32396272105036	NA	-1.61638093366525	NA	NA	-6.02077118874459	-6.61994754868544	-12.2781590314372	-3.52996618184778	-1.96527607615288	-5.13860767903844	-10.4708041093796	-7.1906961901869	-4.07358788718803	-6.60573368946574	-8.23376491207878	-5.79434325417298	-4.45798006902205	-7.69319653071608	NA	NA
LLM.2017.10.15	-7.3175584952596	-2.65153498013899	NA	NA	-8.62789861587175	-8.3175584952596	-10.6867923049253	-6.57131508750538	-7.74819284958946	-6.61354332289468	NA	-1.8512681928207	NA	NA	-5.24938699261802	-6.00496826495157	-13.2717548056465	-3.42469745955514	-2.5126988664863	-5.77190891856327	-12.2717548056465	-7.22736068628802	-4.39217155603369	-7.516867303483	-8.81232318700918	-5.1632303488683	-3.38301155674821	-6.47733893929637	NA	NA
LLM.2017.10.25	-7.23245726755923	-3.3520388833119	NA	NA	-7.46949646486008	-8.57641166877659	-11.2768513869177	-6.73769257580965	-4.25448357388923	-6.86746045077998	NA	-1.87383936334269	NA	NA	-6.20003578986685	-7.0480326964218	NA	-3.63479969398971	-1.9577438110927	-6.70699577858673	-8.75328943086067	-6.45667242450249	-3.84430948652942	-6.39420833755584	-9.10692638547537	-5.80111795595128	-4.20003578986685	-7.49549167339302	NA	NA
LLM.2017.11.09	-6.92883818934356	-1.36405357056004	-10.4613332701706	NA	-8.87637076944943	-7.46133327017059	-11.683725691507	-7.00190165153329	-8.41070719710062	-7.36179759661967	NA	-2.60424090768022	NA	NA	-4.18920340840137	-5.91113618761011	-12.2686881922282	-4.2325145796747	-2.70358611386788	-9.18122535097785	-9.5682484740871	-7.65397834811298	-4.5038166014921	-10.9467600973408	-9.46133327017058	-5.91996003799711	-4.4076012862328	-5.85929725609049	NA	NA
LLM.2017.12.03	-7.04643285297445	-2.55928955321518	NA	NA	-7.81581992483303	-8.57481182532923	-11.6902890427492	-8.27525154347033	-4.97147079529322	-6.53378455706918	NA	-1.66100181578093	NA	NA	-5.72066269179269	-5.56789241138944	NA	-4.72450475808708	-2.31597403774982	-5.92652338923925	-13.2752515434703	-6.75168958741331	-3.9646387618108	-5.87437210718814	-10.6902890427492	-6.69028904274917	-4.27807206253271	-7.41727054834275	NA	NA
LLM.2017.12.10	-8.41799796984805	-3.10981588232951	NA	NA	-7.04716027447974	-7.88366154219686	-12.2759789649756	-6.9009395336287	-3.27316394936857	-6.64662234489601	NA	-1.79720934549986	NA	NA	-5.61776748222383	-9.46862404291802	-12.2759789649756	-4.30443541102485	-2.24531182872868	-7.16745450819745	-9.57553924683453	-7.39333591561378	-3.91842696035754	-7.32178265458875	-9.02805145153204	-5.88366154219686	-3.97448276999307	-7.12623184547094	NA	NA
LLM.2017.12.31	-9.36923380966572	-3.45116566474571	NA	NA	-7.99072218641199	-8.81669278663694	-10.6911619045531	-8.06667103964529	-4.95419631038687	-5.84149617763751	NA	-1.27225517329518	NA	NA	-7.21003521481647	-5.82491329344191	NA	-5.16759994849607	-1.94744947794629	-6.97234365709713	NA	-10.2761244052742	-3.81464495798808	-9.95419631038687	-9.02819689183065	-6.13657305287544	-5.49476469174958	-8.81669278663694	NA	NA
LLM.2018.01.14	-8.02368141070816	-2.77176303706854	NA	NA	-6.07193657931538	-8.57116920601065	-12.2716089241517	-7.3889658747899	-3.24646936187324	-6.82866542830302	NA	-1.92509519098611	NA	NA	-5.13205757175295	-7.46425400209414	NA	-4.48697407859422	-2.17489376966321	-7.51672142198828	-9.02368141070816	-6.96782817597464	-3.57812196665242	-9.68664642343059	-7.77975582782207	-6.31741261376487	-5.70936649993067	-6.40124420456834	NA	NA
LLM.2018.01.24	-8.06492478761741	-2.49465879810296	NA	NA	-7.91682614862828	-8.32018184285949	-12.2743781532464	-8.46702323118876	-4.85231338707355	-7.08455359436635	NA	-1.49671187236561	NA	NA	-6.1450951363014	-5.46059696202933	-9.952450058359	-4.4930184397217	-2.37049630751018	-6.27437815324636	-11.2743781532464	-9.46702323118876	-4.26875360405248	-7.60195281127487	-8.46702323118876	-5.33774021424379	-4.8355863006681	-8.81494653460907	NA	NA
LLM.2018.02.12	-8.63284983011771	-2.78185043540123	NA	NA	-7.02877850644885	-8.88438859711367	NA	-7.39406297053059	-2.30372623382614	-7.36981542428391	NA	-2.32250970950556	NA	NA	-6.43121596894806	-7.69174351917127	-11.2767060198924	-4.34596868232954	-2.20524365733581	-7.69174351917127	-12.2767060198924	-9.46935109783483	-4.11431469113553	-7.29942609639251	-8.95477792500507	-5.85885350500653	-4.40018907332743	-6.99130380103018	NA	NA
LLM.2018.02.25	-8.41041479842899	-3.66848295136943	NA	NA	-5.88469150108251	-9.56795607541547	-9.56795607541547	-7.15987133677839	-3.23635006662575	-6.0492272730944	NA	-2.3570038057131	NA	NA	-6.12884444115776	-10.9464676986692	NA	-3.72150133366892	-2.09972367542433	-8.09847079211425	-9.46104087149895	-8.56795607541547	-3.58189526637334	-8.13911277661159	-7.91084378893848	-5.08848670354162	-3.14040147258016	-6.66848295136943	NA	NA
LLM.2018.03.10	-9.10328780841202	-3.88089538707557	NA	NA	-6.41523181472676	-7.57277309171324	-10.951284714967	-8.27321280985433	-2.04559686644011	-6.61500132710254	NA	-2.11334147307594	NA	NA	-6.7340539987463	-8.57277309171324	NA	-5.55211362114715	-2.01523575129036	-7.54529235529114	-11.6882503091332	-9.57277309171324	-4.19372802602752	-8.88089538707557	-11.2732128098543	-4.55553638678794	-4.77336692277113	-8.88089538707557	NA	NA
LLM.2018.03.26	-7.3131756208784	-2.98196971240303	NA	NA	-5.20667599957772	-7.62351574149055	-9.68240943054412	-6.60916044851348	-8.87505450848651	-7.22297781190682	-12.2673719312653	-1.92141233486116	NA	NA	-6.00058539057037	-12.2673719312653	NA	-3.78961366482139	-1.70942964447783	-8.87505450848651	-9.09744692982296	-9.68240943054412	-3.97965955171582	-10.4600170092077	-9.36048133565676	-4.24223236898677	-5.51917908167581	-6.48601221774061	NA	NA
LLM.2018.04.08	-9.57131508750538	-4.20029244308985	NA	NA	-5.38301155674821	-7.06230144001752	-9.94982671075911	-7.54383435108327	-2.07576750761796	-6.22736068628802	NA	-2.08811942417325	NA	NA	-7.08193024676646	-9.94982671075911	NA	-4.95887185036212	-2.11377635570104	-7.14247178870151	NA	-9.81232318700918	-3.5800112864752	-8.94982671075911	-7.49039509212181	-5.90543259140066	-5.0002917777421	-9.46439988358887	NA	-11.2717548056465
LLM.2018.04.20	-8.37068740680722	-1.87190467013387	NA	NA	-7.92002599779765	-8.52269050025227	-10.6926155016946	-7.63372181264101	-6.92002599779765	-6.53611101601459	NA	-1.68745882830856	NA	NA	-5.29458442772143	-6.75401604635872	-11.2775780024157	-4.110159856584	-2.48804435744538	-6.90253857106881	-12.2775780024157	-7.81814638377844	-4.53611101601459	-8.14829498547077	-9.69261550169458	-5.20076240536491	-5.91125578816992	-7.41959700728816	NA	NA
LLM.2018.05.13	-8.37025148142518	-2.16209842687199	NA	NA	-6.91959007241561	-8.95521398214633	-10.9552139821463	-6.8014086460673	-6.91959007241561	-6.99173985817145	NA	-2.59590366525589	NA	NA	-4.91959007241561	-9.46978715497609	NA	-4.12993715209147	-1.83057566796763	-7.75358012097668	-12.2771420770337	-9.18967923578336	-3.29986215353378	-8.06768871140475	-9.5767023588926	-5.07746973219733	-4.54243245680786	-6.16861762025553	NA	NA
LLM.2018.05.27	-7.4432343911095	-2.62238362656767	NA	NA	-7.34538706771135	-8.32192809488736	-10.2761244052742	-6.48170853892413	-5.04250472851454	-7.46876948321663	-11.6911619045531	-2.44719457762275	NA	NA	-5.08136755085199	-7.52123690311077	NA	-3.9838027724722	-2.17218097538268	-5.21542847358668	-9.81669278663694	-6.86673346913654	-4.15978044403677	-3.21003521481647	-11.6911619045531	-4.98610555834162	-4.914180631539	-7.57568468713315	NA	NA
LLM.2018.06.10	-9.02965048897215	-2.57021887033485	NA	NA	-6.40721328283233	-6.7229891507381	-10.9556499075284	-7.52269050025227	-3.03797947316661	-6.95564990752837	-12.2775780024157	-2.04455757594124	NA	NA	-4.96016538865087	-7.88526057963698	-12.2775780024157	-4.16644233218103	-2.46620330890579	-6.3949349530539	-12.2775780024157	-9.37068740680722	-3.74619654189942	-7.41959700728816	-9.1901151611654	-5.17429019400371	-5.43208795147136	-6.59107747523252	NA	NA
LLM.2018.06.24	-8.11070079606687	-2.16623274264187	NA	NA	-6.48620993115907	-7.44773578334444	-11.695663296788	-6.97684504933208	-9.03269828406559	-6.56638027984306	NA	-2.17014248769295	NA	NA	-4.28344631657156	-9.47327087545157	NA	-3.48458618867941	-2.34031220036321	-7.30334587400926	NA	-8.63676960773445	-5.018530952139	-3.85017324584365	-10.9586977026218	-5.78077991042597	-4.83768230166045	-6.4351357465648	NA	NA
LLM.2018.07.01	-10.4416103415501	-3.381686523898	NA	NA	-6.31822792604477	-9.07904026216534	-8.49407776144419	-8.24896526360766	-8.11968224666269	-4.53815882990831	NA	-2.40897419306777	-12.2489652636077	NA	-5.46106270421623	NA	NA	-4.2688256859685	-2.18287607314988	-10.0790402621653	-10.6640027628865	-11.6640027628865	-2.62874543810017	-4.17750290105103	-7.60510907383293	-6.82270050890556	-3.11968224666269	-7.60510907383293	NA	NA
LLM.2018.07.17	-10.2682495719945	-3.57302128049874	NA	NA	-6.8088179533572	-6.19143397494366	-9.09832457055218	-7.87593214921573	-4.59936458772825	-5.27389613513563	NA	-2.09707277434272	NA	NA	-6.91069756737641	-8.62439338221977	-11.6832870712733	-4.72909076088646	-1.87593214921573	-6.69839396366354	NA	-9.94632147710713	-3.47545927769343	-3.41650053057843	-9.26824957199449	-5.03462989523479	-4.77639647566482	-9.36135897638597	NA	NA
LLM.2018.07.18	-8.63749432520631	-3.43586046403666	NA	NA	-7.09152595610102	-8.75778855892402	-11.6963880142599	-8.03342300153745	-1.61025178923257	-7.37445991937252	NA	-2.28205512795763	NA	NA	-5.48045061506073	-8.69638801425988	NA	-4.24517690242755	-2.60011210320323	-9.58091079683994	-11.281350514981	-9.95942242009367	-4.69638801425988	-5.1938876737307	-12.281350514981	-5.99594829611879	-5.60892517300954	-7.7267616633034	NA	NA
LLM.2018.07.29	-6.40721328283233	-2.67766516022861	NA	NA	-7.7229891507381	-7.3949349530539	-12.2775780024157	-7.60515266044424	-3.32775129165663	-8.41959700728816	NA	-2.15151888634506	NA	NA	-4.85131324771364	-6.34684066485285	NA	-4.56677156871638	-1.9997094562389	-5.89387370994168	-12.2775780024157	-6.75401604635872	-4.06812463678679	-5.49621828889108	-9.95564990752837	-5.44468798825099	-6.34684066485285	-7.69261550169458	NA	NA
LLM.2018.08.11	-7.5213823287488	-3.73517321556275	NA	NA	-6.80053639994587	-6.61805834816048	-12.2762698309123	-6.66155998679706	-3.22778295691993	-6.81683821227497	NA	-2.25182270687162	NA	NA	-6.7844167345826	-8.95434173602491	NA	-3.7844167345826	-2.01065478442781	-5.53480284451112	-9.69130733019112	-8.4182888357847	-3.83747797833401	-3.96112026865597	-9.57583011277118	-4.80053639994587	-5.1677453741341	-6.97248908273517	NA	NA
LLM.2018.08.25	-8.68795882614585	-3.2340023375747	NA	NA	-7.04410263637112	-6.98751910800475	-9.95099323197964	-7.51803382470353	-2.08247930808418	-6.58642079968378	NA	-2.49238155939504	NA	NA	-7.08309676798699	-8.18545848561666	NA	-4.4305709834532	-2.19343654304019	-8.88060390408824	-7.18545848561666	-9.10299632542469	-4.1181032178149	-7.02499381342342	-9.18545848561666	-5.43371753877006	-3.97371330847972	-7.71833247518937	NA	NA
LLM.2018.08.31	-8.37228467388696	-3.20637273495127	NA	NA	-7.9216232648774	-7.88685784671672	-10.6942127687743	-7.63531907972076	-1.96515856559412	-8.23478115013703	NA	-2.45899630708029	NA	NA	-6.45899630708029	-7.55125481493228	-12.2791752694955	-3.29618169480117	-2.58133891153311	-8.95724717460812	-10.2791752694955	-7.21308607903771	-4.5718161374146	-6.99377305063323	-10.2791752694955	-5.8782958332133	-4.03600128602253	-6.74001645838745	NA	NA
LLM.2018.09.01	-8.75256244921722	-3.71770369200557	NA	NA	-7.66141456115903	-7.4432343911095	-10.2761244052742	-6.48170853892413	-2.64403799243906	-6.54820395071104	NA	-2.09248902380102	NA	NA	-6.7215355535966	-7.63226821549951	NA	-3.31467471087604	-2.26559629938775	-9.1886615640239	-8.69116190455308	-8.32192809488736	-4.5414147850484	-5.04730571477836	-10.1061994038319	-4.95871179150937	-4.47846287942048	-6.34538706771135	-12.2761244052742	NA
LLM.2018.09.18	-8.23463601709119	-3.7495995823035	-12.2790301364496	NA	-8.75546818039264	-7.75546818039264	-10.471675214392	-6.7091745281187	-2.33212386199325	-6.97524938827255	-11.6940676357285	-2.09167806324915	NA	NA	-6.57859041830856	-3.5545162833297	NA	-5.0263647039994	-2.27551222434105	-5.40866541686624	-11.2790301364496	-8.23463601709119	-4.30748658249888	-10.471675214392	-13.2790301364496	-4.7016013084139	-6.19156729519931	NA	NA	NA
LLM.2018.09.19	-7.69522829149575	-2.46320716896153	NA	NA	-9.57975107407581	-7.72560194053927	NA	-7.63633460244218	-2.9729899830761	-8.4728358701593	NA	-2.21544802746665	NA	-11.6952282914958	-5.55909160350972	-3.3303640814578	NA	-4.65448194915244	-2.41523087707431	-5.44730077805217	NA	-7.13044367271222	-4.57975107407581	-10.2801907922169	-11.6952282914958	-5.23579667285845	-6.77239615201821	-11.2801907922169	NA	-13.2801907922169
LLM.2018.09.24	-8.03153797835038	-2.546450170108	NA	NA	-11.279465491794	-9.82003387315667	-13.279465491794	-8.8871480690152	-1.67259765441981	-7.85320073709187	NA	-2.49564873247378	NA	-11.279465491794	-5.87858605551178	-3.08964093291395	-13.279465491794	-5.07489434754476	-3.22689744098981	-7.25709767876551	NA	-10.6945029910728	-5.19200265054362	-12.279465491794	-10.9575373969066	-6.05064680129808	-8.07001212616501	-10.9575373969066	NA	NA
LLM.2018.09.29	-8.52196388475421	-3.83390789106895	-11.6918888861965	NA	-8.10692638547537	-8.75328943086067	-10.6918888861965	-7.44396137275294	-1.59473462196761	-8.57641166877659	-12.2768513869177	-2.15467048565793	-11.6918888861965	-12.2768513869177	-6.97307063874058	-5.72226253524005	-10.1069263854754	-4.15791031419417	-2.42822844648834	-7.27685138691768	NA	-9.81741976828038	-4.5153001544732	-11.6918888861965	-8.75328943086067	-5.49549167339302	-7.01006484622278	-8.95492329203032	NA	-13.2768513869177
LLM.2018.10.03	-7.41596026464928	-3.0791844053546	-12.2739412597768	NA	-8.10401625833454	-9.02601374633326	-10.6889787590557	-6.84767650507475	-2.36180040348113	-7.68897875905569	-12.2739412597768	-2.18913287197249	-11.6889787590557	-13.2739412597768	-5.88162383699809	-4.73866588315605	-10.2739412597768	-3.35656918030001	-2.41985207990627	-6.47952539342674	-10.2739412597768	-7.63008507000212	-4.38519801087859	-9.57350154163576	-9.81450964113955	-5.73478244866882	-6.63008507000212	-7.54602080521365	NA	-12.2739412597768
LLM.2018.10.07	-7.11440222021865	-1.90165753367727	-12.2641493397233	NA	-7.67918683900217	-9.26414933972333	-10.4567944176657	-7.05469597409438	-3.6202931499486	-7.33341200216044	-11.2641493397233	-3.12331956895033	-10.4567944176657	NA	-4.70956048804569	-7.50926183755986	-9.80471772108603	-2.7633074601664	-2.30125333438607	-7.80471772108603	-11.2641493397233	-7.13486632277836	-4.23072633818588	-7.94222124483597	-10.4567944176657	-7.26414933972333	-5.83788458502123	-5.812938227891	NA	NA
LLM.2018.10.17	-8.06171782551082	-3.27117119113977	-11.6862086904186	NA	-6.98576897227752	-8.14188817419481	-11.2711711911398	-7.48981147761511	-2.06537794174262	-6.93132118825515	-13.2711711911398	-2.09064038379529	-11.2711711911398	NA	-6.01378334844712	-9.10124618969746	-11.6862086904186	-4.1890221497859	-2.56208737858943	-5.75547135285573	-9.68620869041862	-7.98576897227752	-3.64181457106016	-8.57073147299868	-10.2711711911398	-6.46381626908217	-4.99040042100917	-10.2711711911398	NA	NA
LLM.2018.11.04	-7.38355786313712	-2.89769445099127	-11.266200912499	NA	-6.32368640715972	-9.9442728176116	-9.80676929386166	-7.83993615779686	-4.57970038531574	-6.74263895644195	-13.266200912499	-3.09878276666722	-9.68123841177781	NA	-4.93528403438434	-7.62234472272424	-11.6812384117778	-2.77735656604162	-2.02302692902601	-8.80676929386166	-11.266200912499	-10.9442728176116	-3.90864890788088	-10.9442728176116	-11.266200912499	-6.0470323920368	-2.75642590817202	-7.05674754687001	NA	NA
LLM.2018.11.14	-7.29637000044378	-2.79690372000423	-11.6886874232225	NA	-7.12390280443901	-8.68868742322254	-13.2736499239437	-7.68868742322254	-2.47517812284207	-7.65894007982848	-13.2736499239437	-2.06907877969449	-10.9517218290563	NA	-5.34883742033791	-4.25405919558581	-10.9517218290563	-4.05933080314293	-2.50216045444309	-5.70379431561274	-11.2736499239437	-6.26242266852044	-4.94722043682139	-7.08382536506367	-8.46629500188609	-6.00686338324879	-7.46629500188609	-10.2736499239437	NA	NA
LLM.2018.11.24	-8.07044735017381	-3.66519087168755	NA	NA	-6.97611996762566	-8.75633875974575	-9.57946099766167	-7.69493821508161	-2.43441066485839	-6.47254579374516	NA	-1.84997097444949	NA	NA	-5.93117256157168	-10.1099757143605	NA	-3.44542966581854	-2.29548225700162	-7.37301012019424	-11.6949382150816	-9.27990071580276	-3.85363596110066	-8.32570440541589	-8.1506176988578	-6.20308511875193	-5.91357850155695	-10.4725457937452	NA	NA
LLM.2018.12.01	-7.75633875974575	-3.58641375830344	-12.2799007158028	NA	-7.17137625902459	-8.42191972067519	-10.9579726209154	-7.25753290277431	-3.26448566341607	-6.20308511875193	NA	-1.70247188776701	NA	NA	-5.99449849694051	-9.37301012019424	-11.2799007158028	-3.4126219760931	-2.34032150148807	-6.59340018861954	-12.2799007158028	-8.03197320235918	-3.6987001338778	-7.07044735017381	-7.92234871118468	-6.23550659644431	-4.51502912506667	-9.69493821508161	NA	NA
LLM.2018.12.12	-7.41581460408669	-2.76303143129637	-12.2737955992143	NA	-7.39115254985242	-8.75023364315725	-11.6888330984931	-6.75023364315725	-5.51224436676979	-6.12404847970958	NA	-1.98435302352593	NA	NA	-5.18103845829441	-6.61558411646247	NA	-2.98723783760631	-2.0716717753838	-5.91624359459618	NA	-6.53232861281312	-4.2851109124421	-6.24037259767681	-8.36690500360575	-6.03539085988919	-5.33715766021169	-8.31959928882739	NA	NA
LLM.2018.12.25	-7.99464354243814	-3.42517737804015	-8.95811766641302	NA	-7.39740271193854	-7.88772833852162	-11.2800457613004	-7.88772833852162	-4.70261693326464	-7.1302986417957	-9.28004576130038	-1.53900018429055	NA	NA	-5.47914586138008	-7.0512270708045	-12.2800457613004	-3.67827497289267	-2.172828685709	-6.18201367833986	-13.2800457613004	-5.47269083924278	-3.63078958378307	-7.55212530673719	-7.55212530673719	-6.00392135602615	-5.71019015296944	-8.69508326057923	NA	NA
LLM.2019.01.13	-7.92147813183156	-3.7752043984539	-8.81959851781235	NA	-6.56478461878353	-8.37213954084113	-11.6940676357285	-7.14974711950468	-6.021642293757	-7.52414263428618	NA	-1.94923379822895	NA	NA	-5.77918424936644	-7.9936279175874	-12.2790301364496	-3.34977172781268	-2.29817653006991	-4.92147813183156	-10.1091051350073	-8.63517394667492	-3.5630681461945	-3.30175021294973	-8.75546818039264	-5.88671271367089	-4.29889055881049	-8.0695767708207	NA	NA
LLM.2019.01.27	-7.75256244921722	-3.10119872277356	-9.1886615640239	NA	-6.60369906330274	-8.10619940383192	-10.2761244052742	-7.34538706771135	-5	-6.46876948321663	NA	-2.11184596697307	NA	NA	-5.40575968569083	-8.41814341014667	NA	-3.12004132898556	-2.3483464431919	-5.42437536385818	-10.9541963103869	-7.12637728576956	-3.91857240065615	-3.30027643726745	-8.1886615640239	-5.36323506904428	-5.93627440238961	-9.10619940383192	NA	NA
LLM.2019.02.10	-7.95317792025875	-3.15357249780608	-9.27510601514611	NA	-6.56086049747999	-8.1051810137038	-10.690143514425	-7.02717850170253	-6.60268067317462	-6.480690148796	NA	-2.01242387278395	NA	NA	-5.82389490331378	-7.57466629700502	-13.2751060151461	-3.32090970475924	-2.08899177560447	-4.91755401052803	-10.4677510930885	-7.20901682468834	-3.81567439650881	-3.79532575111701	-7.98970379628386	-5.79937258417971	-5.32673878356143	-9.27510601514611	NA	NA
LLM.2019.02.24	-7.77434781616929	-3.32956297349639	-7.9442728176116	NA	-5.80676929386166	-8.74263895644195	-9.17873807124862	-6.66628807031183	-5.93528403438434	-6.72704210139093	NA	-1.91691968368151	NA	NA	-5.83993615779686	-9.80676929386166	-12.266200912499	-4.30619898043088	-1.99941437180406	-6.45884599044136	-9.45884599044136	-8.45884599044136	-3.51131341033549	-3.9924053132847	-8.35931031689044	-5.93528403438434	-4.03738222200308	-8.09627591105665	NA	NA
LLM.2019.03.18	-9.10022429587419	-3.36626745158032	-7.02222178387292	NA	-8.06069593168755	-7.77829620098683	-8.62629310754178	-7.6554394532013	-2.73293089677791	-5.19333370026567	NA	-2.26592883099831	NA	NA	-5.00805445194632	-7.5422288427533	NA	-3.58540067689488	-1.9692248063402	-6.0033627566216	-11.6851867965953	-9.4627943752589	-4.1077579685596	-5.48224673792507	-9.36325870170799	-6.44997033490132	-7.51526179515303	-10.2701492973165	NA	NA
LLM.2019.03.31	-7.22779824228618	-2.65840289717206	-9.1847295203943	NA	-5.81276074300734	-8.74863040558762	-9.81276074300734	-7.16366790486647	-4.70233675331369	-7.12244524213996	NA	-2.40568614941844	NA	NA	-5.69476353360889	-11.2721923616446	NA	-2.88956833506972	-2.2877739028435	-6.19537676459381	NA	-8.36530176603612	-4.14807104981545	-3.40182764206123	-6.55794684397851	-5.37132555366389	-7.36530176603612	-8.51730485948117	NA	NA
LLM.2019.04.14	-6.839643254529	-3.23386228230029	-7.17844516798076	NA	-5.95302505394675	-8.2659080092311	-9.09598300778879	-7.38326495986926	-8.74234605317409	-6.31171169884423	NA	-2.38555920107507	NA	NA	-5.27722332245894	-9.2659080092311	-12.2659080092311	-2.64477189595646	-2.22493341041379	-6.68094550850994	-10.4585530871735	-7.8064763905938	-3.63837412475831	-3.55682419668076	-7.2659080092311	-5.47149214288099	-5.09598300778879	-7.74234605317409	NA	NA
LLM.2019.04.28	-7.87417633353342	-2.82355026046346	-7.17903091506184	NA	-5.43360374214744	-7.48513404278752	-9.68153125559103	-6.94456566142482	-7.71190490463455	-6.69663814798124	NA	-2.34986783410095	NA	NA	-5.68906492827644	-10.4591388342546	NA	-4.49170669671101	-2.40463141625303	-6.28921383281227	-11.681531255591	-9.09656875486987	-3.46397739119096	-2.62896320478687	-7.62263756653746	-5.31812652472751	-4.47533086775717	-8.26649375631218	NA	NA
LLM.2019.05.12	-8.41391967726397	-3.71347995912288	-7.91434866777346	NA	-5.71731182071391	-7.34116333482866	-9.27190067239154	-6.71731182071391	-8.51701317022808	-7.24953285936309	NA	-2.13875845999094	NA	NA	-5.82068956055921	-10.9499725775042	-9.94997257750418	-4.52035661330244	-2.19108314478322	-6.86250973625384	-10.6869381716704	-10.4645457503339	-3.81042122510539	-2.06244730676259	-8.81246905375425	-5.39538372582654	-6.26067341696829	-8.57146095425045	NA	NA
LLM.2019.05.19	-7.36398869972027	-3.36098621155874	-7.98547707646654	NA	-6.28219460855662	-7.84461454062669	-10.6859167946076	-7.36398869972027	-7.51599179316532	-6.98547707646654	-12.2708792953288	-2.01998875960544	NA	NA	-5.64882747587241	-7.51599179316532	-9.94895120044142	-4.58088132390934	-2.35724186727968	-5.1571371292796	-13.2708792953288	-6.51599179316532	-3.5878847116471	-2.5782637936342	-8.22648517597033	-6.50269497055186	-4.72784747507355	-8.31668298494191	NA	-11.2708792953288
LLM.2019.06.02	-7.98094512297364	-3.17888450058555	-7.74278538577888	NA	-5.42714355373895	-7.71175849015826	-9.35945674622737	-7.35945674622737	-5.63699072175628	-6.72718853072786	NA	-1.93991785471359	NA	NA	-5.64429552237952	-9.17888450058555	-8.22195322247744	-4.49816301705897	-2.0789952686354	-6.11660022233121	NA	-7.74278538577888	-3.40216119718161	-3.8069157231986	-7.98094512297364	-5.75064750355185	-4.63699072175628	-9.5659076236948	NA	NA
LLM.2019.06.16	-8.1041619041921	-3.54957305251446	-8.31989059524754	NA	-6.97030615745731	-7.04526821513853	-9.81465528699712	-7.91653490101633	-6.0842623467544	-6.5875863784512	NA	-1.8694775077967	NA	NA	-6.3671963100259	-7.12433978612973	-10.1041619041921	-3.79430664160531	-2.44040615697967	-4.67417406344729	NA	-7.60166156366292	-3.46673198357681	-2.7762350686833	-7.98868468677217	-6.13453555323562	-6.37926914232647	-10.2740869056344	NA	NA
LLM.2019.06.23	-8.68985241372968	-3.21547045362641	-7.57437519630974	NA	-6.81538329581354	-7.75125295839382	-9.02688740100725	-7.68985241372968	-6.67490207226371	-6.0949058244359	NA	-2.4308938631618	NA	NA	-6.3323004091116	-10.1048899130085	NA	-4.10990798777515	-2.24690891788095	-7.29753499095092	-11.6898524137297	-10.9528868195635	-3.97560689606356	-1.88357132502339	-7.95288681956347	-5.94389803633622	-6.67490207226371	-10.2748149144508	NA	NA
LLM.2019.07.14	-7.14407551232173	-4.26773398007282	-11.2733585292667	NA	-5.9695777810896	-8.22896440990825	-9.68839602854554	-7.22896440990825	-3.81803130896214	-6.68839602854554	NA	-2.41537753413913	NA	NA	-6.8470937745646	-7.6009331872952	-10.1034335278244	-4.69971134177338	-1.92241934772027	-4.73032670901146	-10.9514304343793	-9.46600360720909	-4.23718491671321	-2.40376468602591	-8.51847102710323	-4.77750350237953	-7.22896440990825	-10.1034335278244	NA	NA
LLM.2019.07.28	-7.31185815791149	-7.05660110266942	-9.94412637341101	NA	-4.62580953207602	-8.45869954624077	-8.68109196757721	-6.77420137196869	-4.05660110266942	-5.77420137196869	-13.2660544682984	-2.68297170079544	NA	NA	-6.14711339557486	-10.4586995462408	-10.2660544682984	-3.17726622958146	-1.81226941280221	-8.68109196757721	-9.80662284966107	-11.2660544682984	-3.98760501007789	-2.86517503201619	-9.26605446829837	-5.89973225405255	-4.16276665988635	-7.22166034893992	NA	NA
LLM.2019.08.11	-7.60573368946574	-3.46117540818186	-8.37126843582872	NA	-7.37126843582872	-8.57771931329615	-9.27815903143724	-8.14887601449227	-4.18540189051739	-7.06870566580829	NA	-2.38334126812929	NA	NA	-7.60573368946574	-8.27815903143724	-10.6931965307161	-3.77433329344149	-2.15921795871373	-5.82694791960491	-11.6931965307161	-8.27815903143724	-3.3341791170935	-2.66805696843757	-7.42017803630967	-5.24473602989979	-5.95623093654988	-9.57771931329615	NA	NA
