feature	Aggregatibacter	Akkermansia	Bacteroides	Bifidobacterium	Bilophila	Blautia	Clostridium	Coprococcus	Desulfovibrio	Dialister	Dorea	Erwinia	Faecalibacterium	Fusobacterium	Lachnobacterium	Lachnospira	Methanobrevibacter	Oscillospira	Parabacteroides	Parvimonas	Phascolarctobacterium	Prevotella	Providencia	Pseudomonas	Roseburia	Ruminococcus	Serratia	Sutterella	Synergistes	Unclassified Christensenellaceae	Unclassified Clostridiaceae	Unclassified Coriobacteriaceae	Unclassified Cyanobacteria	Unclassified Enterobacteriaceae	Unclassified Erysipelotrichaceae	Unclassified Firmicutes	Unclassified Lachnospiraceae	Unclassified Proteobacteria	Unclassified Rikenellaceae	Unclassified Ruminococcaceae	Unclassified S24-7	Unclassified Tenericutes	Unclassified [Barnesiellaceae]	Veillonella	[Eubacterium]	[Prevotella]	[Ruminococcus]
LLM.2016.12.01	NA	0.00540650821177191	0.0782413546873406	0.00061205753340814	0.00938488217892482	0.0311129246149138	0.00153014383352035	0.016015505457513	0.00785473834540447	0.00622258492298276	0.0030602876670407	NA	0.0787514026318474	NA	NA	0.0457002958278078	NA	0.00224421095582985	0.0489646026726512	0.00132612465571764	0.00887483423441804	0.000408038355605427	0.0998673875344282	0.00418239314495563	0.0301948383148016	0.052330919106396	NA	0.0133632561460777	0.000204019177802713	0.00744669998979904	0.00102009588901357	0.00204019177802713	0.0113230643680506	0.011425073956952	0.0215240232581863	0.0728348464755687	0.139141079261451	0.00295827807813935	0.0294807711924921	0.0970111190451903	0.000816076711210854	0.0146893808017954	0.00275425890033663	NA	0.00030602876670407	0.0236662246251148	0.00948689176782618
LLM.2016.12.03	NA	0.000200260338439972	0.344848302793632	NA	NA	0.000200260338439972	NA	0.000200260338439972	NA	NA	NA	NA	NA	NA	NA	NA	NA	0.007109242014619	NA	NA	NA	NA	0.085411034344648	NA	NA	NA	NA	NA	NA	NA	0.000200260338439972	0.000200260338439972	NA	0.00791028336837889	NA	0.00250325423049965	0.00350455592269951	0.518874536897967	NA	0.0101131470912186	NA	NA	NA	NA	0.0185240813056974	0.000200260338439972	NA
LLM.2016.12.04	NA	0.000300782033286545	0.108582314016443	NA	NA	NA	NA	NA	NA	NA	NA	NA	NA	0.000300782033286545	NA	NA	NA	0.00611590134349308	NA	NA	0.000401042711048727	NA	0.00521355524363345	NA	NA	NA	NA	NA	NA	NA	NA	NA	NA	0.540605574493684	0.00421094846601163	0.0213555243633447	0.00571485863244436	0.229596952075396	NA	0.0688790856226188	NA	0.000401042711048727	NA	0.00060156406657309	0.00461199117706036	NA	0.00310808101062763
LLM.2016.12.11	NA	0.00050627784528149	0.303969218307007	0.000202511138112596	0.00283515593357635	0.126974483596598	0.000405022276225192	0.00182260024301337	0.00141757796678817	NA	0.0051640340218712	NA	0.00961927906034832	0.000202511138112596	NA	0.00648035641960308	NA	0.0217699473471041	0.048906439854192	NA	0.0256176589712434	NA	0.00425273390036452	NA	0.000303766707168894	0.00972053462940462	NA	0.00344268934791414	0.000202511138112596	0.000708788983394087	0.00121506682867558	NA	0.000202511138112596	0.00313892264074524	0.0126569461320373	0.0238963142972864	0.090016200891049	NA	0.0437424058323208	0.213041717294451	NA	NA	0.0229850141757797	NA	0.00172134467395707	NA	0.0128594572701499
LLM.2016.12.17	NA	0.00430548436699129	0.120451050743209	NA	0.00123013839056894	0.0627370579190159	0.00133264992311635	0.0333162480779088	0.00297283444387494	0.000512557662737058	0.00932854946181445	NA	0.0544336237826755	0.000512557662737058	NA	0.0239876986160943	NA	0.00451050743208611	0.0120963608405946	NA	0.00625320348539211	0.00348539210661199	0.00686827268067658	0.000410046130189646	0.00830343413634034	0.0665299846232701	NA	0.00102511532547412	0.000512557662737058	0.00276781137878011	0.00194771911840082	NA	0.00123013839056894	0.00410046130189646	0.0224500256278831	0.033623782675551	0.166478728856996	0.000512557662737058	0.023167606355715	0.270425422860072	0.00307534597642235	0.0111737570476679	0.00984110712455151	NA	0.000820092260379293	NA	0.0232701178882624
LLM.2016.12.25	NA	0.0164840790416709	0.0618408928022934	NA	0.00368588102795126	0.0104433295791953	NA	0.0620456639705129	0.00808846114467083	0.0118767277567319	0.0014333981775366	NA	0.028258421214293	NA	NA	0.00614313504658544	NA	0.00634790621480496	0.027439336541415	NA	0.00716699088768301	0.00194532609808539	0.020681887990171	NA	0.00174055492986587	0.0201699600696222	NA	0.00307156752329272	0.0062455206306952	0.0946042797174158	0.00174055492986587	0.000204771168219515	0.0218081294153783	0.00122862700931709	0.00501689362137811	0.0359373400225248	0.0720794512132692	0.00430019453260981	0.183372581140575	0.237534555134637	0.00317395310740248	0.000204771168219515	0.0288727347189516	NA	NA	NA	0.00481212245315859
LLM.2017.01.01	NA	0.00638686131386861	0.216240875912409	0.00223033252230333	0.00141930251419303	0.0199716139497161	0.00456204379562044	0.0743106244931062	0.00638686131386861	0.0145985401459854	0.00111516626115166	NA	0.0289943227899432	NA	NA	0.0139902676399027	NA	0.00760340632603406	0.0312246553122466	NA	0.0056772100567721	0.000912408759124088	0.00963098134630981	0.000202757502027575	0.0040551500405515	0.0174371451743715	NA	0.00182481751824818	0.00172343876723439	0.0413625304136253	0.00152068126520681	0.000608272506082725	0.0134833738848337	0.0032441200324412	0.00699513381995134	0.0304136253041363	0.0820154095701541	0.00141930251419303	0.0997566909975669	0.212287104622871	0.00709651257096512	0.00253446877534469	0.0193633414436334	0.000202757502027575	NA	NA	0.00719789132197891
LLM.2017.01.08	NA	0.00449667858967808	0.136331119059785	NA	0.000715380684721513	0.031374552887072	0.00429228410832907	0.0649974450689831	0.00224833929483904	0.028513030148186	0.00408788962698007	NA	0.029330608073582	NA	NA	0.0115482881962187	0.000204394481349004	0.00766479305058763	0.0135922330097087	NA	0.00408788962698007	0.00132856412876852	0.00316811446090956	NA	0.0101175268267757	0.0415942769545222	NA	0.000408788962698007	NA	0.0387327542156362	0.00153295861011753	0.000510986203372509	0.00429228410832907	0.00235053653551354	0.0164537557485948	0.0631578947368421	0.102810424118549	0.00306591722023505	0.0747061829330608	0.259683188553909	0.00633622892181911	0.00367910066428206	0.00981093510475217	0.00102197240674502	NA	NA	0.0117526826775677
LLM.2017.01.15	NA	0.0024704065877509	0.0822439526505404	0.000617601646937725	0.00442614513638703	0.0153371075656202	0.0013381369016984	0.128769943386516	0.015748841996912	0.0226453937210499	0.00144107050952136	NA	0.0261451363870304	NA	NA	0.00195573854863613	0.000411734431291817	0.0074112197632527	0.0214101904271745	NA	0.00823468862583634	0.00329387545033453	0.00874935666495111	0.000205867215645908	0.00267627380339681	0.0307771487390633	NA	0.00154400411734431	0.0085434894493052	0.121873391662378	0.00277920741121976	0.00205867215645908	0.00349974266598044	0.0024704065877509	0.00597014925373134	0.0361296963458569	0.0717447246525991	0.000926402470406588	0.062995367987648	0.275244467318579	0.00329387545033453	0.000411734431291817	0.00638188368502316	NA	NA	NA	0.00782295419454452
LLM.2017.01.22	NA	0.00387755102040816	0.111326530612245	0.00153061224489796	0.00224489795918367	0.0272448979591837	0.00316326530612245	0.0621428571428571	0.00989795918367347	0.0211224489795918	0.0023469387755102	NA	0.03	NA	NA	0.00377551020408163	NA	0.0109183673469388	0.0147959183673469	NA	0.0112244897959184	0.00571428571428572	0.0153061224489796	NA	0.00755102040816327	0.0319387755102041	NA	0.00438775510204082	0.00275510204081633	0.0940816326530612	0.00153061224489796	0.000918367346938775	0.00275510204081633	0.00142857142857143	0.0151020408163265	0.031530612244898	0.125102040816327	0.00387755102040816	0.102959183673469	0.193367346938776	0.0269387755102041	0.00193877551020408	0.0102040816326531	0.000408163265306122	NA	NA	0.00459183673469388
LLM.2017.01.31	NA	0.0102956167176351	0.0832823649337411	0.000305810397553517	0.00285423037716616	0.0240570846075433	0.00295616717635066	0.045158002038736	0.0124362895005097	0.0208970438328236	0.00234454638124363	NA	0.0234454638124363	NA	NA	0.0235474006116208	NA	0.00519877675840979	0.0182466870540265	NA	0.00805300713557594	0.00642201834862385	0.0188583078491335	NA	0.0110091743119266	0.0482161060142712	NA	0.00265035677879715	0.00234454638124363	0.0153924566768603	0.00224260958205912	0.00224260958205912	0.00224260958205912	0.00193679918450561	0.00998980632008155	0.0230377166156983	0.0834862385321101	0.00112130479102956	0.141997961264016	0.316615698267074	0.00652395514780836	0.00214067278287462	0.0122324159021407	NA	NA	NA	0.00621814475025484
LLM.2017.02.11	NA	0.0150559511698881	0.157985757884028	0.000508646998982706	0.00762970498474059	0.0191251271617497	0.00366225839267548	0.0241098677517803	0.0069175991861648	0.02706002034588	0.00905391658189217	NA	0.0241098677517803	NA	NA	0.0409969481180061	NA	0.0122075279755849	0.0307222787385554	NA	0.000508646998982706	0.00661241098677518	0.00956256358087487	0.0401831129196338	0.00193285859613428	0.0211597151576806	NA	0.00325534079348932	0.00244150559511699	0.0516785350966429	0.00295015259409969	0.000610376398779247	0.00233977619532045	0.00315361139369278	0.00773143438453713	0.0356052899287894	0.0772126144455748	0.00620549338758901	0.130417090539166	0.186368260427263	0.00976602238046795	0.00325534079348932	0.00905391658189217	NA	0.000305188199389624	NA	0.00854526958290946
LLM.2017.02.26	NA	0.00754906894816306	0.0279818822345244	NA	0.000603925515853045	0.0408656265727227	0.00402617010568697	0.0760946149974836	0.00181177654755913	0.0123804730749874	0.00664318067438349	NA	0.0266733769501761	NA	NA	0.0127830900855561	NA	0.00191243080020131	0.00342224458983392	NA	0.000301962757926522	0.000402617010568697	0.000603925515853045	0.000201308505284348	0.00261701056869653	0.0327126321087066	0.000201308505284348	0.000603925515853045	0.000503271263210871	0.00513336688475088	0.00140915953699044	0.000704579768495219	0.000402617010568697	0.457976849521892	0.0149974836436839	0.0430800201308505	0.0730749874182184	0.000201308505284348	0.0184197282335179	0.110015098137896	0.00181177654755913	0.00533467539003523	0.00120785103170609	NA	NA	NA	0.00533467539003523
LLM.2017.03.13	NA	0.0229768198454656	0.0721838145587637	NA	0.00203334688897926	0.0235868239121594	0.00437169581130541	0.142639284261895	0.00498169987799919	0.0287718584790565	0.00732004880032534	0.0249084993899959	0.0295851972346482	NA	NA	0.0756405042700285	NA	0.00732004880032534	0.00843838958926393	NA	0.00172834485563237	0.00101667344448963	0.00305002033346889	NA	0.0157584383895893	0.0284668564457096	NA	0.00142334282228548	0.000915006100040667	0.0175884505896706	0.00223668157787719	0.00162667751118341	0.00254168361122408	0.0541886945912973	0.0102684017893453	0.0406669377795852	0.0897722651484343	0.00203334688897926	0.0405652704351362	0.207198047986987	0.00305002033346889	0.00599837332248882	0.008235054900366	NA	NA	NA	0.00691337942252948
LLM.2017.04.16	NA	0.0418097354069885	0.233791153302363	NA	0.00111088668955767	0.0135326196727934	0.00151484548576045	0.0640274691981418	0.00151484548576045	0.0101999596041204	0.00222177337911533	NA	0.0249444556655221	NA	NA	0.0720056554231468	NA	0.0164613209452636	0.0167642900424157	NA	0.000908907291456271	0.0566552211674409	0.022318723490204	NA	0.0231266410826096	0.0304988891133104	NA	0.00434255705917996	NA	0.00484750555443345	0.00131286608765906	0.000504948495253484	0.00212078368006463	0.00131286608765906	0.00343364976772369	0.0300949303171077	0.107049080993739	0.000706927893354878	0.0797818622500505	0.103312462128863	0.0153504342557059	0.00141385578670976	0.00878610381741062	0.000403958796202787	NA	NA	0.00181781458291254
LLM.2017.04.30	NA	0.0534127625201939	0.138327948303716	NA	0.000908723747980614	0.027564620355412	0.00232229402261712	0.0680533117932149	0.00181744749596123	0.00757269789983845	0.00262520193861066	NA	0.0573505654281099	NA	NA	0.0786550888529887	NA	0.00646203554119548	0.0177705977382876	NA	0.000302907915993538	0.052907915993538	0.018578352180937	NA	0.0183764135702746	0.0322092084006462	NA	0.00989499192245557	0.000100969305331179	0.00252423263327948	0.00232229402261712	0.000706785137318255	0.014640549273021	0.000605815831987076	0.00454361873990307	0.0671445880452343	0.118537964458805	0.0082794830371567	0.06078352180937	0.0843093699515347	0.0255452342487884	0.00393780290791599	0.00838045234248788	0.000706785137318255	NA	NA	0.00181744749596123
LLM.2017.05.14	NA	0.0545950864422202	0.140430694570822	NA	0.00192093822667071	0.0254777070063694	0.00313416236983116	0.0858356081286018	0.0040440804772015	0.0196137903144273	0.00384187645334142	NA	0.0712769184106764	NA	NA	0.0586391669194217	NA	0.0128399555151148	0.0125366494793246	NA	0.00252755029825094	0.00121322414316045	0.00222424426246082	NA	0.00535840663229198	0.0191082802547771	NA	0.00626832473966232	0.00151653017895056	0.00545950864422202	0.000505510059650187	0.00040440804772015	0.00485289657264179	0.0203215043979375	0.00758265089475281	0.0419573349509655	0.0943281771307249	0.00465069254878172	0.0949347892023051	0.166110605601051	0.0116267313719543	0.00313416236983116	0.00798705894247296	0.000202204023860075	NA	NA	0.00353857041755131
LLM.2017.05.28	NA	0.0670227776657932	0.157528724047571	NA	0.00312437008667607	0.0279177585164281	0.0043338036686152	0.0472686958274541	0.00251965329570651	0.0301350534166499	0.00614795404152389	NA	0.0916145938318887	NA	NA	0.0574480951421084	NA	0.0102801854464826	0.0188470066518847	NA	0.00201572263656521	0.0174360008062891	0.00856682120540214	NA	0.0048377343277565	0.0236847409796412	NA	0.0038298730094739	0.000201572263656521	0.00272122555936303	0.00110864745011086	0.000403144527313042	0.00191493650473695	0.000604716790969563	0.00604716790969563	0.0398105220721629	0.11237653698851	0.00272122555936303	0.0751864543438823	0.132130618826849	0.0287240475710542	0.00010078613182826	0.00715581535980649	0.000302358395484781	0.00010078613182826	NA	0.0038298730094739
LLM.2017.06.25	NA	0.191641490433031	0.101409869083585	0.000100704934541793	0.00372608257804632	0.00926485397784491	0.00181268882175227	0.0767371601208459	0.00161127895266868	0.0123867069486405	0.0067472306143001	NA	0.0414904330312185	NA	NA	0.105236656596173	NA	0.00906344410876133	0.0146022155085599	NA	0.00292044310171198	0.00835850956696878	0.00624370594159114	0.000100704934541793	0.00996978851963746	0.0187311178247734	NA	0.00513595166163142	0.00171198388721047	0.0027190332326284	0.00100704934541793	0.00080563947633434	0.00392749244712991	0.0118831822759315	0.00684793554884189	0.0529707955689829	0.0729103726082578	0.00251762336354481	0.0660624370594159	0.119536757301108	0.0153071500503525	0.00171198388721047	0.00896273917421954	0.000100704934541793	0.000100704934541793	NA	0.00362537764350453
LLM.2017.07.17	NA	0.0113876851758541	0.22946689509221	NA	0.000604655850045349	0.0153179482011488	0.00423259095031744	0.0124962209009372	0.000806207800060466	0.0368840068527663	0.00272095132520407	0.000604655850045349	0.0383956464778797	NA	NA	0.0936208807820216	NA	0.015519500151164	0.0215660586516175	NA	0.00221707145016628	0.0177365716013302	0.00322483120024186	NA	0.00594578252544593	0.0346669354026	NA	0.00362793510027209	0.000201551950015116	0.00272095132520407	0.000604655850045349	0.000604655850045349	0.00413181497530989	0.0472639322785448	0.00594578252544593	0.0398065101279855	0.127884712284591	0.00221707145016628	0.0572407538042931	0.127481608384561	0.0215660586516175	0.00171319157512849	0.004333366925325	0.00110853572508314	0.000705431825052907	NA	0.00342638315025698
LLM.2017.08.13	NA	0.0192365797159835	0.189243629771377	NA	0.00322288246550509	0.017826568637325	0.00292073723436398	0.0462282203645886	0.00483432369825763	0.0302145231141102	0.00312216738845805	NA	0.0557961526840568	NA	NA	0.0696948333165475	NA	0.0122872393997381	0.0105750830899386	NA	0.00171215630979958	0.0218551717192064	0.0162151274045725	0.000100715077047034	0.00785577600966865	0.0268909255715581	NA	0.00604290462282204	0.000201430154094068	0.00221573169503475	0.00151072615570551	0.000402860308188136	0.00694934031624534	0.00120858092456441	0.00916507201128009	0.056400443146339	0.153691207573774	0.00634504985396314	0.0451203545170712	0.135965354013496	0.0251787692617585	0.00100715077047034	0.00402860308188136	NA	NA	NA	0.00473360862121059
LLM.2017.09.16	NA	0.0455003019931548	0.0864707066639823	NA	0.00201328769881216	0.0185222468290719	0.00181195892893094	0.0767062613247433	0.00513388363197101	0.0159049728206161	0.0038252466277431	NA	0.073183007851822	NA	NA	0.10599959734246	NA	0.00966378095429837	0.015401650895913	NA	0.00191262331387155	0.0101671028790014	0.0161063015904973	0.000201328769881216	0.00322126031809946	0.0245621099255084	NA	0.00422790416750554	0.000704650694584256	0.0037245822428025	0.00110730823434669	0.00050332192470304	0.00684517817596135	0.000805315079524864	0.0062411918663177	0.0593919871149587	0.116267364606402	0.010267767263942	0.0865713710489229	0.148681296557278	0.0283873565532515	0.00332192470304006	0.00483189047714918	0.000201328769881216	NA	NA	0.00161063015904973
LLM.2017.10.15	NA	0.0958543983822043	0.159150657229525	NA	0.00475227502527806	0.0183013144590495	0.00202224469160768	0.0750252780586451	0.0057633973710819	0.0262891809908999	0.00343781597573306	NA	0.0441860465116279	NA	NA	0.0731041456016178	NA	0.0057633973710819	0.0262891809908999	NA	0.00121334681496461	0.0155712841253792	0.00333670374115268	0.000101112234580384	0.0140546006066734	0.0191102123356926	NA	0.00626895854398382	0.000202224469160768	0.00252780586450961	0.00111223458038423	0.000606673407482305	0.00667340748230536	0.00131445904954499	0.0102123356926188	0.047623862487361	0.0895854398382204	0.00546006066734075	0.0931243680485339	0.106167846309403	0.0183013144590495	0.00222446916076845	0.0112234580384226	0.000404448938321537	NA	NA	0.00364004044489383
LLM.2017.10.25	NA	0.0544080604534005	0.0979345088161209	NA	0.0036272040302267	0.0195465994962217	0.00181360201511335	0.0460453400503778	0.00574307304785894	0.014911838790932	0.00322418136020151	NA	0.0677078085642317	NA	NA	0.0747607052896725	NA	0.0123929471032746	0.0136020151133501	NA	0.00272040302267003	0.00755667506297229	0.00574307304785894	NA	0.0172292191435768	0.0580352644836272	0.00221662468513854	0.00664987405541562	0.00231738035264484	0.00564231738035265	0.000806045340050378	0.000403022670025189	0.0113853904282116	0.0444332493702771	0.00846347607052897	0.0696221662468514	0.108916876574307	0.0118891687657431	0.0805037783375315	0.119294710327456	0.00957178841309824	0.00181360201511335	0.00554156171284635	0.000302267002518892	0.000100755667506297	NA	0.00312342569269521
LLM.2017.11.09	NA	0.0471172357888337	0.388489208633094	0.000709291721552336	0.00628229810517783	0.0168203465396697	0.00496504205086635	0.00192522038707063	0.00151991083189786	0.00293849427500253	0.00648495288276421	NA	0.0452933427905563	NA	NA	0.0410375924612423	NA	0.00607964332759145	0.0548181173371162	NA	0.0116526497112169	0.0166176917620833	NA	0.000202654777586382	0.000405309555172763	0.0178336204276016	NA	0.00820751849224846	0.00131725605431148	0.00212787516465701	0.000709291721552336	0.000303982166379572	0.00496504205086635	0.00293849427500253	0.00607964332759145	0.044077414125038	0.0842030600871416	0.000506636943965954	0.0531968791164252	0.0843043874759347	0.00172256560948424	0.00141858344310467	0.0172256560948424	0.00192522038707063	NA	NA	0.0135778700982876
LLM.2017.12.03	NA	0.0515432721404075	0.169659067984668	NA	0.00121040952188824	0.0182570102884809	0.00141214444220295	0.0658664514827517	0.00201734920314706	0.00847286665321767	0.00393383094613678	NA	0.0578979221303208	NA	NA	0.0989509784143635	NA	0.0118014928384103	0.0189630825095824	NA	0.00100867460157353	0.0210812991728868	NA	NA	0.00736332459148679	0.0423643332660884	0.0192656848900545	0.00756505951180149	0.000100867460157353	0.00443816824692354	0.00121040952188824	0.00030260238047206	0.0092798063344765	0.0126084325196692	0.0107928182368368	0.0640508371999193	0.117510591083317	0.0170466007665927	0.0378252975590075	0.0887633649384709	0.0164413960056486	0.000605204760944119	0.00585031268912649	0.000201734920314706	NA	NA	0.00433730078676619
LLM.2017.12.10	NA	0.06361528379877	0.115838290150217	NA	0.00322613166649864	0.0102832946869644	0.0040326645831233	0.0656316160903317	0.00514164734348221	0.0145175924992439	0.00221796552071781	NA	0.0638169170279262	NA	NA	0.128944450045367	NA	0.0057465470309507	0.0203649561447727	NA	0.00241959874987398	0.00141143260409315	NA	0.000201633229156165	0.00655307994757536	0.0206674059885069	0.0775279766105454	0.00292368182276439	0.00131061598951507	0.00756124609335618	0.000201633229156165	0.000201633229156165	0.00594818026010687	0.0259098699465672	0.00998084484323016	0.0661356991632221	0.0702691803609235	0.00625063010384111	0.0506099405181974	0.120677487649965	0.00695634640588769	0.00191551567698357	0.00715797963504385	NA	NA	NA	0.00383103135396713
LLM.2017.12.31	NA	0.0221774193548387	0.0914314516129032	NA	0.00191532258064516	0.0244959677419355	0.00201612903225806	0.0357862903225806	0.00181451612903226	0.0131048387096774	0.00554435483870968	NA	0.0565524193548387	NA	NA	0.121270161290323	NA	0.00514112903225806	0.00675403225806452	NA	0.00110887096774194	0.0176411290322581	NA	NA	0.0457661290322581	0.0912298387096774	0.0284274193548387	0.00151209677419355	NA	0.00393145161290323	0.000201612903225806	0.000604838709677419	0.000806451612903226	0.00383064516129032	0.0174395161290323	0.0710685483870968	0.171471774193548	0.00100806451612903	0.0278225806451613	0.106350806451613	0.00796370967741936	0.00191532258064516	0.00221774193548387	NA	NA	NA	0.00967741935483871
LLM.2018.01.14	NA	0.0191121448073617	0.146425321063808	NA	0.00364040853473556	0.0325614318940237	0.00232581656385883	0.0427748002831429	0.00232581656385883	0.00970775609262817	0.00485387804631409	NA	0.0392355142077055	NA	0.00010112245929821	0.0847406208919001	NA	0.00738193952876934	0.0285165335220953	NA	0.00262918394175346	0.00566285772069977	NA	NA	0.00020224491859642	0.0344827586206897	NA	0.00384265345333198	0.00192132672666599	0.0148650015168369	0.00030336737789463	0.00020224491859642	0.0079886742845586	0.105369602588735	0.00879765395894428	0.083729396298918	0.0911113358276873	0.00121346951157852	0.0445950045505107	0.140357973505916	0.00546061280210335	0.00455051066841946	0.0118313277378906	0.00020224491859642	NA	NA	0.0069774496915765
LLM.2018.01.24	NA	0.0350222042793702	0.177432377876463	NA	0.00191764230924505	0.0213968510294711	0.0020185708518369	0.0765038352846185	0.000908356883326605	0.0233144933387162	0.00322971336293904	NA	0.0495559144125959	NA	NA	0.0946709729511506	NA	0.0105974969721437	0.0141299959628583	NA	0.00111021396851029	0.0227089220831651	NA	0.00100928542591845	0.0101937828017763	0.0334073475979007	0.000302785627775535	0.00373435607589826	0.00040371417036738	0.00413807024626564	0.00111021396851029	0.00020185708518369	0.00141299959628583	0.0343157044812273	0.00736778360920468	0.0518772708922083	0.144731530076706	0.00514735567218409	0.0444085587404118	0.0998183286233347	0.0129188534517562	0.00282599919257166	0.00222042793702059	0.000302785627775535	NA	NA	0.00363342753330642
LLM.2018.02.12	NA	0.0473599355098751	0.14540507859734	NA	0.00161225312374043	0.0158202337767029	0.000806126561870214	0.0427247077791213	0.0043329302700524	0.0143087464731963	0.00272067714631197	NA	0.0490729544538493	NA	NA	0.0455461507456671	NA	0.00745667069729948	0.0115880693268843	NA	0.00292220878677952	0.00483675937122128	NA	0.000403063280935107	0.00282144296654575	0.0357718661829907	NA	0.00251914550584442	0.000201531640467553	0.00765820233776703	0.0013099556630391	NA	0.00141072148327287	0.202539298669891	0.00584441757355905	0.0577388149939541	0.0874647319629182	0.00634824667472793	0.049173720274083	0.124546553808948	0.00483675937122128	0.00201531640467553	0.00785973397823458	NA	0.000201531640467553	NA	0.00282144296654575
LLM.2018.02.25	NA	0.113408330799635	0.07864599168947	NA	0.0031417857504814	0.0169251038816256	0.000405391709739536	0.0482416134590048	0.00385122124252559	0.0274652883348536	0.0025336981858721	NA	0.028782811391507	NA	NA	0.0552346204520118	NA	0.00638491942839769	0.0142900577683186	NA	0.0019256106212628	0.00050673963717442	NA	NA	0.0019256106212628	0.0174318435188	NA	0.00293908989561163	0.00141887098408838	0.0169251038816256	0.000912131346913956	0.00131752305665349	0.00263504611330698	0.106111280024323	0.0151008411877977	0.0835106922063444	0.063747846356542	0.00354717746022094	0.0758082497212932	0.180703354616398	0.00364852538765582	0.00415526502483024	0.00983074896118374	NA	NA	NA	0.00658761528326746
LLM.2018.03.10	NA	0.0365656565656566	0.0678787878787879	NA	0.00161616161616162	0.025959595959596	0.00444444444444444	0.0136363636363636	0.00161616161616162	0.042020202020202	0.00505050505050505	NA	0.0417171717171717	NA	NA	0.0362626262626263	NA	0.00292929292929293	0.0093939393939394	NA	0.000505050505050505	0.00262626262626263	NA	NA	0.000303030303030303	0.0293939393939394	NA	0.00181818181818182	0.000303030303030303	0.0117171717171717	0.000808080808080808	0.000505050505050505	0.00131313131313131	0.242222222222222	0.0102020202020202	0.0546464646464646	0.13959595959596	0.00212121212121212	0.0213131313131313	0.173333333333333	0.00535353535353535	0.000404040404040404	0.00212121212121212	NA	NA	NA	0.0103030303030303
LLM.2018.03.26	NA	0.0218052738336714	0.12657200811359	NA	0.00476673427991886	0.0178498985801217	0.00202839756592292	0.0323529411764706	0.00547667342799189	0.051419878296146	0.00365111561866126	NA	0.0271805273833671	0.000202839756592292	NA	0.0386409736308316	NA	0.00862068965517241	0.0156186612576065	NA	0.00141987829614604	0.000202839756592292	NA	NA	0.0111561866125761	0.0502028397565923	NA	0.00628803245436105	0.00182555780933063	0.027079107505071	0.00304259634888438	0.00121703853955375	0.00121703853955375	0.00212981744421907	0.00669371196754564	0.0633874239350913	0.153651115618661	0.000709939148073022	0.0723123732251521	0.219776876267748	0.00212981744421907	0.00152129817444219	0.0111561866125761	NA	NA	NA	0.00669371196754564
LLM.2018.04.08	NA	0.0312436804853387	0.0543983822042467	NA	0.00151668351870576	0.0163801820020222	0.00667340748230536	0.0567239635995956	0.0038422649140546	0.0155712841253792	0.00252780586450961	NA	0.0172901921132457	NA	NA	0.0664307381193125	NA	0.00434782608695652	0.00738119312436805	0.000404448938321537	0.00111223458038423	0.00101112234580384	NA	NA	0.00505561172901921	0.0360970677451972	NA	0.00131445904954499	NA	0.0239635995955511	0.000808897876643074	0.00101112234580384	0.00111223458038423	0.237209302325581	0.0133468149646107	0.0836198179979778	0.0842264914054601	0.00202224469160768	0.0321536905965622	0.173306370070779	0.00707785642062689	0.00556117290192113	0.00141557128412538	NA	NA	NA	0.0038422649140546
LLM.2018.04.20	NA	0.0166163141993958	0.273212487411883	NA	0.00342396777442095	0.0209466263846928	0.00231621349446123	0.0281973816717019	0.00161127895266868	0.0261832829808661	0.00392749244712991	NA	0.0306143001007049	NA	NA	0.144410876132931	NA	0.00443101711983887	0.0254783484390735	NA	0.000503524672708963	0.00926485397784491	NA	0.00040281973816717	0.00443101711983887	0.0348439073514602	NA	0.00302114803625378	0.000201409869083585	0.00412890231621349	0.00040281973816717	0.000604229607250755	0.00443101711983887	0.00825780463242699	0.0107754279959718	0.0431017119838872	0.102316213494461	0.00352467270896274	0.0579053373615307	0.108358509566969	0.00835850956696878	0.00120845921450151	0.00584088620342397	0.000503524672708963	NA	NA	0.00624370594159114
LLM.2018.05.13	NA	0.0429132668479903	0.223431046640475	NA	0.00533897451395185	0.0212551626876196	0.00100735368187771	0.0210536919512441	0.00362647325475975	0.0263926664651959	0.00332426715019643	NA	0.0319331117155233	NA	NA	0.0223632517376851	NA	0.00886471240052382	0.0330412007655888	NA	0.00322353178200866	0.00141029515462879	0.00181323662737987	NA	NA	0.0227661932104362	NA	0.00302206104563312	0.000201470736375541	0.0082603001913972	0.00100735368187771	0.000503676840938854	0.0017125012591921	0.00644706356401733	0.00785735871864612	0.101541251133273	0.0889493301098015	0.00372720862294752	0.057116953762466	0.217588395285585	0.00463382693663745	0.00130955978644102	0.0139014808099124	NA	NA	NA	0.00846177092777274
LLM.2018.05.27	NA	0.0331653225806452	0.162399193548387	NA	0.00695564516129032	0.0169354838709677	0.00231854838709677	0.0102822580645161	0.00423387096774194	0.0299395161290323	0.00171370967741935	NA	0.020866935483871	0.00030241935483871	NA	0.0576612903225806	NA	0.00735887096774194	0.0295362903225806	NA	0.00141129032258065	0.00544354838709677	NA	NA	0.00211693548387097	0.0464717741935484	NA	0.00574596774193548	0.00110887096774194	0.0061491935483871	0.000806451612903226	0.000806451612903226	0.00856854838709678	0.0303427419354839	0.00564516129032258	0.0559475806451613	0.0865927419354839	0.108064516129032	0.0632056451612903	0.147177419354839	0.0269153225806452	0.00030241935483871	0.00524193548387097	0.000201612903225806	NA	NA	0.00806451612903226
LLM.2018.06.10	NA	0.0231621349446123	0.168378650553877	NA	0.00221550855991944	0.018429003021148	0.00715005035246727	0.0219536757301108	0.00322255790533736	0.0270896273917422	0.0040281973816717	NA	0.0166163141993958	0.000201409869083585	NA	0.0452165156092649	NA	0.00785498489425982	0.0321248741188318	NA	0.000604229607250755	0.00422960725075529	NA	0.000201409869083585	0.000906344410876133	0.0275931520644512	0.000201409869083585	0.00191339375629406	0.000201409869083585	0.0117824773413897	0.00231621349446123	0.000503524672708963	0.00151057401812689	0.121550855991944	0.0080563947633434	0.0745216515609265	0.145619335347432	0.00584088620342397	0.0556898288016113	0.128902316213494	0.0118831822759315	0.00171198388721047	0.0103726082578046	NA	NA	NA	0.00624370594159114
LLM.2018.06.24	NA	0.0349713596623455	0.222791679228218	NA	0.00261280273339363	0.0308511707366094	0.00422068133855894	0.00231132549492513	0.00532609787961009	0.0170837101798814	0.00361772686162195	NA	0.0311526479750779	NA	NA	0.0483368505677821	NA	0.00733594613606673	0.0513516229524671	NA	0.00110541654105115	0.00140689377951965	NA	NA	NA	0.00904431715405487	NA	0.00361772686162195	NA	0.0111546578233343	0.00150738619234248	0.000301477238468496	0.0025123103205708	0.00190935584363381	0.0105517033463973	0.0308511707366094	0.129735704954276	0.069339764847754	0.0893377549994975	0.149934679931665	0.00633102200783841	0.000502462064114159	0.0115566274746257	NA	NA	NA	0.00733594613606673
LLM.2018.07.01	NA	0.115048793014895	0.0959424756034925	NA	0.000924499229583975	0.0314329738058552	0.000513610683102209	0.00421160760143811	0.00236260914227016	0.00729327170005136	0.00523882896764253	NA	0.0159219311761685	NA	NA	0.00657421674370827	0.000205444273240883	0.00534155110426297	0.0227015921931176	NA	0.00154083204930663	NA	NA	NA	0.000102722136620442	0.0248587570621469	NA	0.000719054956343092	0.00061633281972265	0.0125321006676939	0.00133538777606574	0.00277349768875193	0.000308166409861325	0.00359527478171546	0.0428351309707242	0.161684643040575	0.124396507447355	0.0552645095017976	0.0518746789933231	0.174114021571649	0.000924499229583975	0.00513610683102209	0.00513610683102209	NA	0.000205444273240883	NA	0.0163328197226502
LLM.2018.07.17	NA	0.0364889519562133	0.0840259476991689	NA	0.00141901479829718	0.0178390431785931	0.0108453273869856	0.0278735049665518	0.00283802959659436	0.028481654165822	0.00263531319683762	NA	0.0322319075613217	NA	NA	0.0813906345023312	NA	0.0155078045813906	0.00831137239002635	NA	0.0020271639975674	0.00253395499695925	NA	0.00030407459963511	0.00668964119197243	0.0529089803365092	0.00111494019866207	0.000810865599026961	NA	0.00891952158929657	0.00283802959659436	0.00182444759781066	0.0010135819987837	0.0401378471518346	0.0258463409689844	0.0899047232921143	0.0933509020879789	0.093654976687614	0.0377052503547537	0.171802148793837	0.00962902898844516	0.00162173119805392	0.00152037299817555	NA	NA	NA	0.00395296979525644
LLM.2018.07.18	NA	0.0204901566894335	0.0924065889915629	NA	0.00160707111289675	0.0058256327842507	0.00110486139011651	0.00331458417034954	0.00220972278023303	0.015066291683407	0.0015066291683407	NA	0.0376657292085175	NA	NA	0.0478103656086782	NA	0.00713137806347931	0.0223985536359984	NA	0.00060265166733628	0.00241060666934512	NA	NA	NA	0.0114503816793893	0.000100441944556047	0.00251104861390117	0.000401767778224186	0.0073322619525914	0.00120530333467256	0.00030132583366814	0.00100441944556047	0.327440739252712	0.0060265166733628	0.0385697067095219	0.143631980715147	0.0273202089192447	0.0527320208919245	0.108678184009642	0.00130574527922861	0.000200883889112093	0.00472077139413419	NA	NA	NA	0.00351546805946163
LLM.2018.07.29	NA	0.0122860020140987	0.156294058408862	NA	0.0027190332326284	0.00715005035246727	0.00493454179254783	0.013595166163142	0.00241691842900302	0.021852970795569	0.0027190332326284	NA	0.0433031218529708	NA	NA	0.0916414904330312	NA	0.0200402819738167	0.0346424974823766	NA	0.00110775427995972	0.0122860020140987	NA	NA	0.00594159113796576	0.0578046324269889	NA	0.0117824773413897	0.000201409869083585	0.00473313192346425	0.00100704934541793	0.000201409869083585	0.00926485397784491	0.0995971802618328	0.00292044310171198	0.0596173212487412	0.0995971802618328	0.0221550855991944	0.0421953675730111	0.128902316213494	0.0168177240684794	0.00100704934541793	0.00483383685800604	NA	NA	NA	0.00443101711983887
LLM.2018.08.11	NA	0.0278197762322347	0.0750932365688943	NA	0.00383025904646709	0.00665255518596916	0.00806370325572019	0.0122971474649733	0.00604777744179014	0.0347747202902933	0.00171353694184054	NA	0.0270134059066626	NA	0.000100796290696502	0.0729765144642677	NA	0.0112891845580083	0.00907166616268522	NA	0.00110875919766153	0.00201592581393005	NA	NA	0.0129019252091523	0.043745590162282	NA	0.00544299969761113	0.00120955548835803	0.00897086987198871	0.00211672210462655	0.000201592581393005	0.00292309243019857	0.106743271847596	0.00887007358129221	0.0699526257433726	0.0997883277895373	0.064207237173672	0.0725733293014817	0.166112287067836	0.0215704062090515	0.00131035177905453	0.00796290696502369	NA	NA	NA	0.00352787017437758
LLM.2018.08.25	NA	0.0636492220650637	0.106284097797535	NA	0.00252576278035967	0.010709234188725	0.00676904425136391	0.0168720953728026	0.00292988482521722	0.0206102242877349	0.00252576278035967	NA	0.0233380480905233	NA	NA	0.0580925439482724	NA	0.0121236613457264	0.00737522731865023	NA	0.00212164073550212	0.00343503738128915	NA	NA	0.00666801374014953	0.0354617094362497	NA	0.00242473226914528	0.0068700747625783	0.00757728834107901	0.00111133562335825	0.00101030511214387	0.00181854920185896	0.236108304708022	0.0104061426550818	0.0575873913922004	0.076278035966862	0.00767831885229339	0.0463730046474035	0.147706607395433	0.00212164073550212	0.00171751869064457	0.00474843402707618	0.000404122044857547	NA	NA	0.00656698322893514
LLM.2018.08.31	NA	0.0609596620058344	0.108339201287597	NA	0.00181068302987627	0.00764510612614425	0.00331958555477316	0.030580424504577	0.00321899205311337	0.0150890252489689	0.00191127653153606	NA	0.0163967407705462	NA	NA	0.060657881500855	NA	0.0097575696609999	0.0113670656875566	NA	0.00171008952821648	0.00533145558796902	NA	0.000201187003319586	0.00251483754149482	0.0287697414747007	NA	0.00301780504979378	0.000804748013278342	0.0041243335680515	0.000905341514938135	0.000603561009958757	0.00673976461120612	0.256111055225832	0.00331958555477316	0.0420480836937934	0.0770546222714013	0.00784629312946384	0.10180062367971	0.112161754350669	0.00201187003319586	0.000804748013278342	0.00935519565436073	0.000201187003319586	NA	NA	0.00150890252489689
LLM.2018.09.01	NA	0.0448588709677419	0.076008064516129	NA	0.00544354838709677	0.0104838709677419	0.00403225806451613	0.0285282258064516	0.00574596774193548	0.0310483870967742	0.00282258064516129	NA	0.0255040322580645	NA	NA	0.0929435483870968	NA	0.013508064516129	0.0094758064516129	NA	0.000604838709677419	0.00504032258064516	NA	NA	0.00433467741935484	0.0214717741935484	NA	0.00231854838709677	0.00241935483870968	0.00493951612903226	0.00171370967741935	0.000806451612903226	0.003125	0.159979838709677	0.0106854838709677	0.0429435483870968	0.09375	0.030241935483871	0.100504032258065	0.147479838709677	0.00171370967741935	0.000907258064516129	0.0122983870967742	0.000504032258064516	NA	0.000201612903225806	0.00161290322580645
LLM.2018.09.18	NA	0.013682092555332	0.0743460764587525	0.000201207243460765	0.00321931589537223	0.01579476861167	0.00331991951710262	0.0154929577464789	0.00633802816901408	0.0343058350100604	0.00181086519114688	NA	0.0403420523138833	0.000301810865191147	NA	0.0749496981891348	NA	0.00553319919517103	0.0104627766599598	NA	0.00372233400402415	0.0851106639839034	NA	NA	0.000603621730382294	0.028672032193159	NA	0.00331991951710262	0.000402414486921529	0.00231388329979879	0.00130784708249497	0.000704225352112676	0.00331991951710262	0.198591549295775	0.0079476861167002	0.0505030181086519	0.123138832997988	0.000704225352112676	0.0306841046277666	0.131991951710262	0.0235412474849095	0.000100603621730382	NA	0.000402414486921529	NA	NA	0.0028169014084507
LLM.2018.09.19	0.000301568154402895	0.00914756735022115	0.181342983514274	NA	0.00180940892641737	0.00874547647768396	0.00432247687977483	0.0109569762766385	0.00321672698029755	0.0226176115802171	0.00110574989947728	NA	0.0365902694008846	NA	NA	0.095697627663852	NA	0.00794129473260957	0.0212102935263369	0.000100522718134298	0.00311620426216325	0.0994169682348211	NA	NA	0.000100522718134298	0.0544833132287897	0.000301568154402895	0.00482509047044632	NA	0.00130679533574588	0.000402090872537193	NA	0.00713711298753518	0.127060715721753	0.00281463610776035	0.0418174507438681	0.095697627663852	0.000804181745074387	0.0397064736630479	0.0884599919581826	0.02291917973462	0.000301568154402895	0.000402090872537193	0.000804181745074387	NA	NA	0.00301568154402895
LLM.2018.09.24	0.000402293070501861	0.00372121090214221	0.171175701498542	NA	0.00120687921150558	0.00965503369204465	0.000905159408629186	0.00925274062154279	0.000905159408629186	0.0146836970733179	0.0020114653525093	NA	0.0262496228502464	NA	NA	0.0968520567233229	NA	0.0069395554661571	0.0169968822287036	NA	0.000402293070501861	0.117469576586543	NA	0.000100573267625465	NA	0.0238358644272352	NA	0.00382178416976768	NA	0.000402293070501861	0.00020114653525093	0.000100573267625465	0.000603439605752791	0.313688021723826	0.004324650507895	0.0273559287941265	0.0574273358141406	0.00020114653525093	0.0296691139495122	0.0497837674746053	0.00653726239565524	0.000502866338127326	0.000502866338127326	NA	NA	NA	0.00211203862013477
LLM.2018.09.29	0.000201511335012594	0.00775818639798489	0.0701259445843829	0.000302267002518892	0.00201511335012594	0.00775818639798489	0.00151133501259446	0.0546095717884131	0.003727959697733	0.0210579345088161	0.00181360201511335	NA	0.0199496221662468	0.000201511335012594	NA	0.0304282115869018	0.000302267002518892	0.00795969773299748	0.00795969773299748	0.000100755667506297	0.000906801007556675	0.0189420654911839	NA	0.000906801007556675	NA	0.030831234256927	NA	0.00272040302267003	NA	0.0036272040302267	0.000806045340050378	0.000604534005037783	0.00110831234256927	0.331083123425693	0.00251889168765743	0.043727959697733	0.128261964735516	0.000302267002518892	0.0560201511335013	0.127052896725441	0.00644836272040302	0.00231738035264484	0.00201511335012594	0.000201511335012594	0.000100755667506297	NA	0.00171284634760705
LLM.2018.10.03	0.000100959111559818	0.0100959111559818	0.118324078748107	0.000201918223119637	0.003331650681474	0.0113074204946996	0.00131246845027764	0.0728924785461888	0.00535083291267037	0.0174659262998486	0.00181726400807673	NA	0.0293791014639071	0.000201918223119637	NA	0.0391721352852095	0.000302877334679455	0.00787481070166583	0.0169611307420495	0.000201918223119637	0.00121150933871782	0.0374558303886926	NA	0.000807672892478546	NA	0.041090358404846	NA	0.00585562847046946	0.000807672892478546	0.00363452801615346	0.00060575466935891	0.00060575466935891	0.00504795557799091	0.19454820797577	0.00474507824331146	0.0478546188793539	0.0901564866229177	0.00131246845027764	0.0976274608783443	0.108531044926805	0.0112064613831398	0.001110550227158	0.00535083291267037	0.000100959111559818	0.000100959111559818	NA	0.00393740535083291
LLM.2018.10.07	NA	0.0174832282984346	0.267635698312665	0.00020329335230738	0.00213458019922749	0.00955478755844684	0.00020329335230738	0.00335434031307176	0.00538727383614556	0.00467574710306973	0.00233787355153486	NA	0.0360845700345599	0.000406586704614759	NA	0.0205326285830453	0.000711526733075829	0.00975808091075422	0.0382191502337874	NA	0.00172799349461273	0.00548892051229925	NA	0.00111811343769059	0.00233787355153486	0.0148404147184387	NA	0.00721691400691197	0.000406586704614759	0.00487904045537711	0.00142305346615166	0.000711526733075829	0.00711526733075828	0.0813173409229518	0.00609880056922139	0.0532628583045334	0.0513315714576133	0.00406586704614759	0.147286033746696	0.142203699939012	0.00447245375076235	0.000711526733075829	0.0177881683268957	0.00010164667615369	0.00010164667615369	NA	0.0253100223622688
LLM.2018.10.17	NA	0.0314586283633421	0.103580821363544	0.000303459437588509	0.00192190977139389	0.0077887922314384	0.00212421606311956	0.0424843212623913	0.00364151325106211	0.0104187740238721	0.00232652235484524	NA	0.0315597815092049	0.000101153145862836	NA	0.103176208780093	0.000404612583451345	0.00566457616831884	0.015476431317014	NA	0.000809225166902691	0.00182075662553105	NA	0.000303459437588509	0.000505765729314182	0.0280194214040057	0.000101153145862836	0.00374266639692494	0.00121383775035404	0.00788994537730123	0.00141614404207971	0.000404612583451345	0.00394497268865062	0.238822577382157	0.00809225166902691	0.0801132915233664	0.07667408456403	0.00262998179243374	0.0548250050576573	0.104086587092859	0.018511025692899	0.000809225166902691	0.000809225166902691	0.000101153145862836	0.000101153145862836	NA	0.00182075662553105
LLM.2018.11.04	NA	0.147990255785627	0.134185952090946	0.000406008932196508	0.00192854242793341	0.0122817701989444	0.000203004466098254	0.0147178237921234	0.00243605359317905	0.0121802679658952	0.00253755582622818	NA	0.0222289890377588	0.000101502233049127	NA	0.0188794153471376	0.00121802679658952	0.00842468534307755	0.0326837190418189	NA	0.00284206252537556	0.00507511165245635	NA	0.000304506699147381	NA	0.0309581810799838	0.00964271213966707	0.0059886317498985	0.000406008932196508	0.0124847746650426	0.000812017864393017	0.0011165245635404	0.000507511165245635	0.0321762078765733	0.00933820544051969	0.0665854648802273	0.0642509135200974	0.000507511165245635	0.145858708891596	0.184429557450264	0.0022330491270808	0.000406008932196508	0.0075111652456354	0.000101502233049127	NA	NA	0.00406008932196508
LLM.2018.11.14	NA	0.0056548520650308	0.143895789154802	0.000302938503483793	0.00232252852670908	0.00777542158941735	0.00161567201858023	0.0219125517519943	0.00252448752903161	0.0136322326567707	0.0014137130162577	NA	0.0444309805109563	0.000100979501161264	NA	0.0991618701403615	0.000504897505806321	0.0123194991416742	0.0245380187821872	NA	0.00161567201858023	0.0524083611026962	NA	0.000504897505806321	0.00716954458244976	0.0513985660910835	0.0372614359285065	0.00636170857315965	0.000403918004645057	0.00716954458244976	0.000807836009290114	0.000100979501161264	0.0130263556498031	0.142583055639705	0.00484701605574068	0.0324144198727658	0.0999697061496516	0.00737150358477229	0.059981823689791	0.0683631222861759	0.0191861052206402	0.0028274260325154	0.000807836009290114	0.000302938503483793	0.000100979501161264	NA	0.000908815510451378
LLM.2018.11.24	NA	0.0165895837522622	0.0788256585562035	NA	0.00160868690931028	0.0165895837522622	0.00120651518198271	0.0744017695556003	0.00321737381862055	0.0129700382063141	0.00331791675045244	NA	0.0451437763925196	NA	NA	0.0764126281922381	NA	0.00784234868288759	0.0163884978885984	NA	0.000603257590991353	0.00090488638648703	NA	NA	0.00884777800120651	0.034486225618339	0.0361954554594812	0.00372008847778001	0.000301628795495677	0.00794289161471949	0.00110597225015081	0.0013070581138146	0.00160868690931028	0.148803539111201	0.0112608083651719	0.0691735371003419	0.0961190428312889	0.00311683088678866	0.0917956967625176	0.116227629197667	0.00603257590991353	0.00351900261411623	0.000703800522823246	NA	NA	NA	0.00170922984114217
LLM.2018.12.01	NA	0.0437361753468731	0.0832495475568067	0.000201085863663784	0.0039211743414438	0.0105570078423487	0.00231248743213352	0.106977679469133	0.0026141162276292	0.0124673235471546	0.00281520209129298	NA	0.0376030565051277	NA	NA	0.0936054695354916	NA	0.0149808968429519	0.0156846973657752	NA	0.000804343454655138	0.00150814397747838	NA	0.000402171727327569	NA	0.0266438769354514	0.0038206314096119	0.00462497486426704	0.000201085863663784	0.00693746229640056	0.000603257590991353	0.000502714659159461	0.0038206314096119	0.100241303036397	0.0135732957973054	0.0770158857832294	0.0927005831490046	0.00744017695556002	0.0939070983309873	0.118238487834305	0.0103559219786849	0.00412226020510758	0.00120651518198271	NA	NA	NA	0.000603257590991353
LLM.2018.12.12	NA	0.0247374798061389	0.147314216478191	0.000201938610662359	0.00514943457189015	0.0103998384491115	0.000605815831987076	0.0490710823909532	0.00413974151857835	0.0130250403877221	0.00514943457189015	NA	0.0436187399030695	NA	NA	0.0555331179321486	NA	0.0163570274636511	0.027564620355412	NA	0.00222132471728595	0.0101978998384491	NA	NA	0.00474555735056543	0.036046042003231	NA	0.0058562197092084	NA	0.00595718901453958	0.00171647819063005	0.000302907915993538	0.0108037156704362	0.0219103392568659	0.0143376413570275	0.0512924071082391	0.124091276252019	0.0132269789983845	0.126110662358643	0.141861873990307	0.0165589660743134	0.00302907915993538	0.00313004846526656	NA	NA	NA	0.00373586429725363
LLM.2018.12.25	NA	0.0191012365537348	0.0930933949934654	0.0020106564793405	0.00251332059917563	0.00934955262893335	0.00291545189504373	0.0789182668141148	0.00170905800743943	0.0143761938272846	0.00311651754297778	NA	0.0414195234744144	0.0016085251834724	0.000402131295868101	0.109882376595959	NA	0.0138735297074495	0.0224188197446466	NA	0.0012063938876043	0.00753996179752689	NA	0.00020106564793405	0.00562983814215341	0.0453403036091284	0.00361918166281291	0.00392078013471398	0.000100532823967025	0.00593143661405449	0.00130692671157133	0.000402131295868101	0.0225193525686137	0.0347843570925907	0.00713783050165879	0.0807278576455213	0.136020910827385	0.00532823967025234	0.0781140042223786	0.121142052880265	0.0137729968834825	0.00532823967025234	0.00241278777520861	NA	NA	NA	0.000804262591736202
LLM.2019.01.13	NA	0.0508048289738431	0.0730382293762575	0.00221327967806841	0.00251509054325956	0.00814889336016097	0.00191146881287726	0.0582494969818914	0.0045271629778672	0.0158953722334004	0.00140845070422535	NA	0.0347082494969819	NA	NA	0.0928571428571429	NA	0.0107645875251509	0.0182092555331992	NA	0.000804828973843058	0.00392354124748491	NA	0.000201207243460765	0.00432595573440644	0.0316901408450704	0.00110663983903421	0.00412474849094567	0.000905432595573441	0.0105633802816901	0.00110663983903421	0.000301810865191147	0.00251509054325956	0.0142857142857143	0.00543259557344064	0.0846076458752515	0.0935613682092555	0.101408450704225	0.0980885311871227	0.126156941649899	0.0329979879275654	0.00231388329979879	0.00372233400402415	0.000201207243460765	NA	NA	0.000402414486921529
LLM.2019.01.27	NA	0.0163306451612903	0.116532258064516	0.00171370967741935	0.00272177419354839	0.0108870967741935	0.00221774193548387	0.0288306451612903	0.00342741935483871	0.0235887096774194	0.00191532258064516	NA	0.0310483870967742	NA	NA	0.0868951612903226	NA	0.0150201612903226	0.0235887096774194	NA	0.000705645161290323	0.00292338709677419	NA	NA	0.00544354838709677	0.0398185483870968	0.00161290322580645	0.00463709677419355	0.000504032258064516	0.0102822580645161	0.00141129032258065	0.000806451612903226	0.00715725806451613	0.0296370967741935	0.0112903225806452	0.0661290322580645	0.0956653225806452	0.101512096774194	0.115020161290323	0.110483870967742	0.0232862903225806	0.00342741935483871	0.00181451612903226	NA	NA	NA	0.00171370967741935
LLM.2019.02.10	NA	0.0249167759507717	0.112377685867043	0.00161404216685161	0.00302632906284677	0.00706143447997579	0.00242106325027741	0.0370220922021588	0.00464037122969838	0.0173509532936548	0.00292545142741854	NA	0.047412488651266	NA	NA	0.0860486230202764	NA	0.0149298900433774	0.0176535861999395	NA	0.000605265812569353	0.00524563704226773	NA	0.000100877635428226	0.0051447594068395	0.0524563704226773	NA	0.00403510541712902	0.000706143447997579	0.0105921517199637	0.00121053162513871	0.000605265812569353	0.00675880157369111	0.010289518813679	0.011197417532533	0.0710178553414708	0.108947846262484	0.0720266316957531	0.1000706143448	0.120246141430445	0.033087864420458	0.0039342277817008	0.00161404216685161	NA	NA	NA	0.000706143447997579
LLM.2019.02.24	NA	0.0609013398294763	0.0994721883881445	0.00406008932196508	0.0059886317498985	0.00578562728380024	0.00121802679658952	0.059886317498985	0.00385708485586683	0.0157328461226147	0.00304506699147381	0.00314656922452294	0.0444579780755177	NA	NA	0.0925700365408039	NA	0.00852618757612668	0.0174583840844499	NA	0.000609013398294762	0.0011165245635404	NA	0.000203004466098254	0.00984571660576533	0.0480105562322371	NA	0.00456760048721072	0.00142103126268778	0.0178643930166464	0.0011165245635404	0.00172553796183516	0.00284206252537556	0.0131952902963865	0.00943970767356882	0.0876979293544458	0.0927730410069021	0.0628298822574097	0.0505481120584653	0.149106780349168	0.0113682501015022	0.00304506699147381	0.00365408038976858	NA	NA	NA	0.000913520097442144
LLM.2019.03.18	NA	0.00546614029760097	0.0969733778722543	0.00769308634477174	0.00131592266423727	0.0207510881668185	0.00384654317238587	0.00840166008705335	0.00364409353173398	0.0111347302358538	0.00526369065694908	NA	0.0815872051827108	NA	NA	0.0312784694807167	NA	0.00708573742281607	0.0310760198400648	NA	0.000303674460977832	0.00536491547727503	NA	NA	0.00951513311063873	0.0530418058507946	NA	0.00182204676586699	0.000303674460977832	0.00374531835205993	0.000708573742281608	0.0025306205081486	0.00141714748456322	0.150420083004353	0.0272294766676789	0.0580018220467659	0.127543273610689	0.0223706852920336	0.0833080271282518	0.113675473226035	0.0155886223301954	0.00151837230488916	0.000809798562607551	NA	0.000101224820325944	NA	0.00516246583662314
LLM.2019.03.31	NA	0.00606489436975639	0.158394824623471	0.00171838673809764	0.00252703932073183	0.0123319518851713	0.00131406044678055	0.0071767916708784	0.00444758920448802	0.0232487617507328	0.00171838673809764	NA	0.0398261396947336	NA	0.000101081572829273	0.0604467805519054	NA	0.0103103204285859	0.0193065804103912	NA	0.000808652582634186	0.000404326291317093	NA	NA	0.00030324471848782	0.0616597594258567	NA	0.00667138380673203	NA	0.0177903568179521	0.00101081572829273	0.00111189730112201	0.0030324471848782	0.0384109976751238	0.00707571009804913	0.0564035176387345	0.105225917315273	0.0946123521681997	0.13494389972708	0.0929950470029314	0.0136460123319519	0.0106135651470737	0.00272920246639038	0.000101081572829273	0.000101081572829273	NA	0.00141514201960983
LLM.2019.04.14	NA	0.029238578680203	0.106294416243655	0.00690355329949239	0.00375634517766497	0.0126903553299492	0.00223350253807107	0.0280203045685279	0.00223350253807107	0.0219289340101523	0.00355329949238579	NA	0.0336040609137056	NA	NA	0.0667005076142132	NA	0.00761421319796954	0.0257868020304569	NA	0.000609137055837563	0.0016243654822335	NA	0.000203045685279188	0.00558375634517767	0.0445685279187817	NA	0.00873096446700508	0.000710659898477157	0.0161421319796954	0.00101522842639594	0.00182741116751269	0.00446700507614213	0.00233502538071066	0.0125888324873096	0.0803045685279188	0.0731979695431472	0.0849746192893401	0.15989847715736	0.128121827411167	0.00974619289340102	0.00649746192893401	0.00467005076142132	NA	NA	NA	0.0016243654822335
LLM.2019.04.28	NA	0.0449563628983154	0.141262431499899	0.0069007509640755	0.00487111832758271	0.00679926933225086	0.00497259995940735	0.0215141059468236	0.00324741221838847	0.0246600365333875	0.00274000405926527	NA	0.0281104120154252	NA	NA	0.0768215952912523	NA	0.0108585346052365	0.0193829916785062	NA	0.000405926527298559	0.000710371422772478	NA	NA	0.00781408565049726	0.0204992896285772	NA	0.00426222853663487	0.000304444895473919	0.0231378120560179	0.000608889790947838	0.00121777958189568	0.00182666937284352	0.00476963669575807	0.00964075502334078	0.0906230972194033	0.0792571544550436	0.161660239496651	0.0444489547391922	0.129389080576416	0.0127866856099046	0.00507408159123199	0.00324741221838847	NA	NA	NA	0.00121777958189568
LLM.2019.05.12	NA	0.0130421595389748	0.0762309169952482	0.00414518248913153	0.00475179456071176	0.00829036497826307	0.00586391669194217	0.0429683550702659	0.00475179456071176	0.0234556667677687	0.00353857041755131	NA	0.0349812961277929	NA	NA	0.0975634415124861	NA	0.00990799716914367	0.0176928520877565	NA	0.000303306035790112	0.000505510059650187	NA	0.00101102011930037	0.00596501870387221	0.0336669699727025	NA	0.00293195834597108	0.000606612071580224	0.019007178242847	0.000303306035790112	0.0016176321908806	0.000707714083510262	0.00272975432211101	0.00657163077545243	0.0712769184106764	0.0669295318976848	0.239409564250329	0.0435749671418461	0.140430694570822	0.00859367101405318	0.00222424426246082	0.00262865231018097	NA	NA	NA	0.00181983621474067
LLM.2019.05.19	NA	0.0377377579927155	0.0973290165924727	0.00394577094293808	0.00212464589235127	0.00576689599352489	0.00263051396195872	0.0295426952650749	0.00394577094293808	0.0104208822339134	0.00222581950627276	NA	0.0361189801699717	0.000202347227842979	NA	0.119688385269122	NA	0.00799271549979765	0.0199312019425334	0.000404694455685957	0.000505868069607446	0.00546337515176042	NA	0.00101173613921489	0.00111290975313638	0.0323755564548766	NA	0.00607041683528936	0.000101173613921489	0.0128490489680291	0.00171995143666532	0.000607041683528936	0.0109267503035208	0.00546337515176042	0.00789154188587616	0.0831647106434642	0.0865034399028733	0.167442331040065	0.0417847025495751	0.118676649129907	0.0280250910562525	0.00333872925940915	0.00313638203156617	0.000101173613921489	NA	NA	0.00171995143666532
LLM.2019.06.02	NA	0.0401908048310159	0.110423221353902	0.0046686288440069	0.00213133055922054	0.012280523698366	0.00334923373591799	0.037754998477621	0.00395818532426672	0.0181670557190703	0.000405967725565818	NA	0.0456713691261545	NA	NA	0.0939815284684868	NA	0.00771338678575053	0.0199939104841165	NA	0.000405967725565818	0.00172536283365472	NA	0.00334923373591799	0.00426266111844108	0.0535877397746879	0.0140058865320207	0.00395818532426672	NA	0.0232416522886431	0.00142088703948036	0.00152237897087182	0.0046686288440069	0.00608951588348726	0.00943874961940526	0.0945904800568355	0.109712777834162	0.0714503196995839	0.0442504820866741	0.129706688318279	0.0144118542575865	0.00395818532426672	0.00131939510808891	NA	NA	NA	0.002232822490612
LLM.2019.06.16	NA	0.0120129214617404	0.0854027861901878	0.00312941651524329	0.00161518271754492	0.0132243084998991	0.00686452654956592	0.0115081768625076	0.00252372299616394	0.013930950938825	0.00514839491217444	NA	0.0363416111447608	NA	NA	0.131435493640218	NA	0.00969109630526953	0.0121138703815869	NA	0.000201897839693115	0.00716737330910559	NA	0.000908540278619019	0.00494649707248132	0.0496668685645064	0.0111043811831213	0.00363416111447607	NA	0.00797496466787805	0.000706642438925904	0.00111043811831213	0.00514839491217444	0.00363416111447607	0.0103977387441954	0.0904502321825156	0.106803957197658	0.145972138098122	0.0720775287704421	0.0885322027054311	0.0391681809004644	0.00393700787401575	0.000807591358772461	0.000100948919846558	NA	NA	0.000605693519079346
LLM.2019.06.23	NA	0.00978710523660579	0.107658157602664	0.00524669559075774	0.00272424578750883	0.0142266168903239	0.00363232771667844	0.0119059630713349	0.00211885783472909	0.0161436787407931	0.00252244980324892	NA	0.0391484209464232	NA	NA	0.0824336595701746	NA	0.00696196145696701	0.0124104530319847	NA	0.000100897992129957	0.00090808192916961	NA	NA	0.00363232771667844	0.0355160932297447	0.00807183937039653	0.00242155181111896	0.00030269397638987	0.00887902330743618	0.00100897992129957	0.00191706185046918	0.000504489960649783	0.00171526586620926	0.0146302088588437	0.0635657350418727	0.0688124306326304	0.271012006861063	0.0579154474825951	0.129048531934215	0.00635657350418727	0.00403591968519827	0.000807183937039653	NA	NA	NA	0.00191706185046918
LLM.2019.07.14	NA	0.00666599333400667	0.0519139480860519	0.000403999596000404	0.00252499747500252	0.00737299262700737	0.00252499747500252	0.00717099282900717	0.00414099585900414	0.0356529643470357	0.00302999697000303	NA	0.0326229673770326	NA	NA	0.0492879507120493	NA	0.0115139884860115	0.00868599131400869	NA	0.000807999192000808	0.00515099484900515	NA	0.000908999091000909	0.00666599333400667	0.0295929704070296	0.01999798000202	0.00706999293000707	0.000504999495000505	0.015957984042016	0.000807999192000808	0.00121199878800121	0.00141399858600141	0.0509039490960509	0.0096959903040097	0.053024946975053	0.10968589031411	0.188970811029189	0.0384809615190385	0.19008180991819	0.0376729623270377	0.00272699727300273	0.000908999091000909	NA	NA	NA	0.00424199575800424
LLM.2019.07.28	NA	0.055831895239062	0.0075119277230738	0.00101512536798295	0.00710587757588062	0.0119784793421988	0.00142117551517612	0.00781646533346868	0.00203025073596589	0.0144147802253578	0.00314688864074713	NA	0.0224342706324231	0.000101512536798295	NA	0.0537001319662978	NA	0.0143132676885595	0.0141102426149629	NA	0.00233478834636078	0.000710587757588062	NA	0.000812100294386357	0.00203025073596589	0.0492335803471729	0.0019287381991676	0.00629377728149426	0.00111663790478124	0.0405035021825195	0.00142117551517612	0.00243630088315907	0.000406050147193178	0.0581666835854228	0.018272256623693	0.063039285351741	0.0728860014211755	0.137244949751294	0.110547152573343	0.198761547051061	0.00243630088315907	0.00162420058877271	0.00669982742868744	NA	NA	NA	0.00416201400873008
LLM.2019.08.11	NA	0.0161063015904973	0.0907992752164284	0.00301993154821824	0.0013086370042279	0.00926112341453594	0.00150996577410912	0.012079726192873	0.00221461646869338	0.0253674250050332	0.00332192470304006	0.000100664384940608	0.0364405073485001	NA	NA	0.0607006241191866	NA	0.015401650895913	0.00513388363197101	NA	0.000905979464465472	0.00322126031809946	NA	0.000603986309643648	0.00332192470304006	0.0488222266961949	NA	0.00513388363197101	0.000301993154821824	0.00603986309643648	0.00110730823434669	0.00161063015904973	0.00322126031809946	0.0548620897926314	0.00744916448560499	0.0991544191664989	0.101167706865311	0.15733843366217	0.0730823434668814	0.123213207167304	0.0176162673646064	0.00583853432655526	0.0013086370042279	0.000100664384940608	NA	NA	0.00181195892893094
